"idTE";"sex";"age";"lo";"mo";"so";"la";"ma";"sa"
1857;1;1856;1;110.4969;0.04226;1;109.9352;0.04358
1855;1;1854;1;110.4611;0.04225;1;109.9009;0.04358
1854;1;1853;1;110.4432;0.04225;1;109.8837;0.04357
1853;1;1852;1;110.4253;0.04224;1;109.8666;0.04357
1852;1;1851;1;110.4074;0.04224;1;109.8494;0.04356
1851;1;1850;1;110.3895;0.04223;1;109.8323;0.04356
1850;1;1849;1;110.3716;0.04223;1;109.8151;0.04356
1848;1;1847;1;110.3358;0.04222;1;109.7808;0.04355
1847;1;1846;1;110.3179;0.04222;1;109.7636;0.04354
1846;1;1845;1;110.3;0.04222;1;109.7464;0.04354
1845;1;1844;1;110.282;0.04221;1;109.7292;0.04354
1843;1;1842;1;110.2462;0.0422;1;109.6948;0.04353
1842;1;1841;1;110.2283;0.0422;1;109.6776;0.04352
1841;1;1840;1;110.2104;0.0422;1;109.6604;0.04352
1840;1;1839;1;110.1924;0.04219;1;109.6432;0.04352
1838;1;1837;1;110.1566;0.04218;1;109.6088;0.04351
1837;1;1836;1;110.1387;0.04218;1;109.5915;0.0435
1836;1;1835;1;110.1207;0.04218;1;109.5743;0.0435
1834;1;1833;1;110.0849;0.04217;1;109.5398;0.04349
1833;1;1832;1;110.0669;0.04216;1;109.5225;0.04349
1832;1;1831;1;110.049;0.04216;1;109.5053;0.04348
1830;1;1829;1;110.0131;0.04215;1;109.4708;0.04348
1829;1;1828;1;109.9952;0.04215;1;109.4535;0.04347
1828;1;1827;1;109.9773;0.04214;1;109.4362;0.04347
1827;1;1826;1;109.9593;0.04214;1;109.4189;0.04346
1826;1;1825;1;109.9414;0.04214;1;109.4016;0.04346
1825;1;1824;1;109.9234;0.04213;1;109.3844;0.04346
1824;1;1823;1;109.9055;0.04213;1;109.3671;0.04345
1823;1;1822;1;109.8875;0.04212;1;109.3498;0.04345
1822;1;1821;1;109.8696;0.04212;1;109.3324;0.04345
1821;1;1820;1;109.8516;0.04212;1;109.3151;0.04344
1820;1;1819;1;109.8337;0.04211;1;109.2978;0.04344
1819;1;1818;1;109.8157;0.04211;1;109.2805;0.04343
1818;1;1817;1;109.7978;0.0421;1;109.2632;0.04343
1817;1;1816;1;109.7798;0.0421;1;109.2458;0.04343
1816;1;1815;1;109.7618;0.0421;1;109.2285;0.04342
1815;1;1814;1;109.7439;0.04209;1;109.2112;0.04342
1814;1;1813;1;109.7259;0.04209;1;109.1938;0.04341
1813;1;1812;1;109.7079;0.04208;1;109.1764;0.04341
1812;1;1811;1;109.69;0.04208;1;109.1591;0.04341
1811;1;1810;1;109.672;0.04208;1;109.1417;0.0434
1810;1;1809;1;109.654;0.04207;1;109.1244;0.0434
1808;1;1807;1;109.6181;0.04206;1;109.0896;0.04339
1807;1;1806;1;109.6001;0.04206;1;109.0722;0.04339
1806;1;1805;1;109.5822;0.04206;1;109.0548;0.04338
1805;1;1804;1;109.5642;0.04205;1;109.0374;0.04338
1803;1;1802;1;109.5282;0.04204;1;109.0026;0.04337
1802;1;1801;1;109.5102;0.04204;1;108.9852;0.04337
1801;1;1800;1;109.4923;0.04204;1;108.9678;0.04336
1800;1;1799;1;109.4743;0.04203;1;108.9504;0.04336
1799;1;1798;1;109.4563;0.04203;1;108.9329;0.04335
1798;1;1797;1;109.4383;0.04202;1;108.9155;0.04335
1797;1;1796;1;109.4203;0.04202;1;108.8981;0.04335
1796;1;1795;1;109.4023;0.04202;1;108.8806;0.04334
1795;1;1794;1;109.3843;0.04201;1;108.8632;0.04334
1794;1;1793;1;109.3664;0.04201;1;108.8457;0.04333
1793;1;1792;1;109.3484;0.042;1;108.8282;0.04333
1792;1;1791;1;109.3304;0.042;1;108.8108;0.04333
1791;1;1790;1;109.3124;0.042;1;108.7933;0.04332
1790;1;1789;1;109.2944;0.04199;1;108.7758;0.04332
1789;1;1788;1;109.2764;0.04199;1;108.7583;0.04331
1788;1;1787;1;109.2584;0.04198;1;108.7409;0.04331
1787;1;1786;1;109.2404;0.04198;1;108.7234;0.04331
1786;1;1785;1;109.2224;0.04198;1;108.7059;0.0433
1785;1;1784;1;109.2044;0.04197;1;108.6884;0.0433
1784;1;1783;1;109.1864;0.04197;1;108.6709;0.04329
1783;1;1782;1;109.1684;0.04196;1;108.6533;0.04329
1782;1;1781;1;109.1504;0.04196;1;108.6358;0.04329
1781;1;1780;1;109.1324;0.04196;1;108.6183;0.04328
1780;1;1779;1;109.1144;0.04195;1;108.6008;0.04328
1779;1;1778;1;109.0963;0.04195;1;108.5832;0.04327
1778;1;1777;1;109.0783;0.04194;1;108.5657;0.04327
1777;1;1776;1;109.0603;0.04194;1;108.5481;0.04327
1776;1;1775;1;109.0423;0.04194;1;108.5306;0.04326
1774;1;1773;1;109.0063;0.04193;1;108.4954;0.04325
1773;1;1772;1;108.9883;0.04192;1;108.4779;0.04325
1772;1;1771;1;108.9702;0.04192;1;108.4603;0.04325
1771;1;1770;1;108.9522;0.04192;1;108.4427;0.04324
1770;1;1769;1;108.9342;0.04191;1;108.4251;0.04324
1769;1;1768;1;108.9162;0.04191;1;108.4075;0.04323
1768;1;1767;1;108.8982;0.0419;1;108.3899;0.04323
1767;1;1766;1;108.8801;0.0419;1;108.3723;0.04323
1766;1;1765;1;108.8621;0.0419;1;108.3547;0.04322
1765;1;1764;1;108.8441;0.04189;1;108.3371;0.04322
1764;1;1763;1;108.8261;0.04189;1;108.3195;0.04321
1763;1;1762;1;108.808;0.04188;1;108.3019;0.04321
1762;1;1761;1;108.79;0.04188;1;108.2842;0.04321
1761;1;1760;1;108.772;0.04188;1;108.2666;0.0432
1759;1;1758;1;108.7359;0.04187;1;108.2313;0.04319
1758;1;1757;1;108.7179;0.04186;1;108.2137;0.04319
1756;1;1755;1;108.6818;0.04185;1;108.1783;0.04318
1755;1;1754;1;108.6638;0.04185;1;108.1607;0.04318
1753;1;1752;1;108.6277;0.04184;1;108.1253;0.04317
1752;1;1751;1;108.6097;0.04184;1;108.1076;0.04316
1751;1;1750;1;108.5916;0.04183;1;108.0899;0.04316
1750;1;1749;1;108.5736;0.04183;1;108.0722;0.04316
1749;1;1748;1;108.5555;0.04183;1;108.0545;0.04315
1748;1;1747;1;108.5375;0.04182;1;108.0368;0.04315
1747;1;1746;1;108.5194;0.04182;1;108.0191;0.04314
1746;1;1745;1;108.5014;0.04181;1;108.0014;0.04314
1745;1;1744;1;108.4833;0.04181;1;107.9836;0.04314
1744;1;1743;1;108.4653;0.04181;1;107.9659;0.04313
1743;1;1742;1;108.4473;0.0418;1;107.9482;0.04313
1742;1;1741;1;108.4292;0.0418;1;107.9304;0.04312
1741;1;1740;1;108.4112;0.04179;1;107.9127;0.04312
1740;1;1739;1;108.3931;0.04179;1;107.8949;0.04312
1739;1;1738;1;108.375;0.04179;1;107.8772;0.04311
1738;1;1737;1;108.357;0.04178;1;107.8594;0.04311
1737;1;1736;1;108.3389;0.04178;1;107.8416;0.0431
1736;1;1735;1;108.3209;0.04177;1;107.8238;0.0431
1734;1;1733;1;108.2848;0.04176;1;107.7883;0.04309
1733;1;1732;1;108.2667;0.04176;1;107.7705;0.04309
1732;1;1731;1;108.2487;0.04176;1;107.7527;0.04308
1731;1;1730;1;108.2306;0.04175;1;107.7349;0.04308
1729;1;1728;1;108.1945;0.04174;1;107.6992;0.04307
1728;1;1727;1;108.1764;0.04174;1;107.6814;0.04307
1727;1;1726;1;108.1583;0.04174;1;107.6636;0.04306
1726;1;1725;1;108.1403;0.04173;1;107.6457;0.04306
1725;1;1724;1;108.1222;0.04173;1;107.6279;0.04305
1723;1;1722;1;108.0861;0.04172;1;107.5922;0.04305
1722;1;1721;1;108.068;0.04172;1;107.5743;0.04304
1721;1;1720;1;108.0499;0.04171;1;107.5565;0.04304
1720;1;1719;1;108.0319;0.04171;1;107.5386;0.04303
1719;1;1718;1;108.0138;0.0417;1;107.5207;0.04303
1718;1;1717;1;107.9957;0.0417;1;107.5028;0.04303
1717;1;1716;1;107.9777;0.04169;1;107.4849;0.04302
1716;1;1715;1;107.9596;0.04169;1;107.4671;0.04302
1715;1;1714;1;107.9415;0.04169;1;107.4492;0.04301
1714;1;1713;1;107.9234;0.04168;1;107.4312;0.04301
1713;1;1712;1;107.9053;0.04168;1;107.4133;0.04301
1712;1;1711;1;107.8873;0.04167;1;107.3954;0.043
1711;1;1710;1;107.8692;0.04167;1;107.3775;0.043
1710;1;1709;1;107.8511;0.04167;1;107.3596;0.04299
1709;1;1708;1;107.833;0.04166;1;107.3416;0.04299
1708;1;1707;1;107.8149;0.04166;1;107.3237;0.04299
1707;1;1706;1;107.7969;0.04165;1;107.3057;0.04298
1706;1;1705;1;107.7788;0.04165;1;107.2878;0.04298
1705;1;1704;1;107.7607;0.04165;1;107.2698;0.04297
1704;1;1703;1;107.7426;0.04164;1;107.2519;0.04297
1703;1;1702;1;107.7245;0.04164;1;107.2339;0.04296
1702;1;1701;1;107.7064;0.04163;1;107.2159;0.04296
1701;1;1700;1;107.6883;0.04163;1;107.1979;0.04296
1700;1;1699;1;107.6702;0.04162;1;107.1799;0.04295
1696;1;1695;1;107.5979;0.04161;1;107.1079;0.04294
1695;1;1694;1;107.5798;0.0416;1;107.0899;0.04293
1694;1;1693;1;107.5617;0.0416;1;107.0719;0.04293
1693;1;1692;1;107.5436;0.0416;1;107.0539;0.04292
1692;1;1691;1;107.5255;0.04159;1;107.0358;0.04292
1691;1;1690;1;107.5074;0.04159;1;107.0178;0.04292
1690;1;1689;1;107.4893;0.04158;1;106.9998;0.04291
1689;1;1688;1;107.4712;0.04158;1;106.9817;0.04291
1688;1;1687;1;107.4531;0.04157;1;106.9636;0.0429
1687;1;1686;1;107.435;0.04157;1;106.9456;0.0429
1686;1;1685;1;107.4169;0.04157;1;106.9275;0.04289
1685;1;1684;1;107.3988;0.04156;1;106.9094;0.04289
1684;1;1683;1;107.3806;0.04156;1;106.8914;0.04289
1683;1;1682;1;107.3625;0.04155;1;106.8733;0.04288
1682;1;1681;1;107.3444;0.04155;1;106.8552;0.04288
1681;1;1680;1;107.3263;0.04154;1;106.8371;0.04287
1679;1;1678;1;107.2901;0.04154;1;106.8009;0.04287
1678;1;1677;1;107.272;0.04153;1;106.7828;0.04286
1677;1;1676;1;107.2539;0.04153;1;106.7646;0.04286
1676;1;1675;1;107.2358;0.04152;1;106.7465;0.04285
1675;1;1674;1;107.2176;0.04152;1;106.7284;0.04285
1674;1;1673;1;107.1995;0.04152;1;106.7102;0.04285
1673;1;1672;1;107.1814;0.04151;1;106.6921;0.04284
1672;1;1671;1;107.1633;0.04151;1;106.6739;0.04284
1671;1;1670;1;107.1452;0.0415;1;106.6558;0.04283
1670;1;1669;1;107.127;0.0415;1;106.6376;0.04283
1669;1;1668;1;107.1089;0.04149;1;106.6195;0.04282
1668;1;1667;1;107.0908;0.04149;1;106.6013;0.04282
1667;1;1666;1;107.0727;0.04149;1;106.5831;0.04282
1666;1;1665;1;107.0545;0.04148;1;106.5649;0.04281
1665;1;1664;1;107.0364;0.04148;1;106.5467;0.04281
1664;1;1663;1;107.0183;0.04147;1;106.5285;0.0428
1663;1;1662;1;107.0001;0.04147;1;106.5103;0.0428
1662;1;1661;1;106.982;0.04147;1;106.4921;0.0428
1661;1;1660;1;106.9639;0.04146;1;106.4739;0.04279
1660;1;1659;1;106.9457;0.04146;1;106.4557;0.04279
1659;1;1658;1;106.9276;0.04145;1;106.4375;0.04278
1658;1;1657;1;106.9095;0.04145;1;106.4192;0.04278
1656;1;1655;1;106.8732;0.04144;1;106.3828;0.04277
1655;1;1654;1;106.8551;0.04144;1;106.3645;0.04277
1654;1;1653;1;106.8369;0.04143;1;106.3463;0.04276
1652;1;1651;1;106.8006;0.04142;1;106.3097;0.04275
1651;1;1650;1;106.7825;0.04142;1;106.2915;0.04275
1650;1;1649;1;106.7644;0.04141;1;106.2732;0.04275
1649;1;1648;1;106.7462;0.04141;1;106.2549;0.04274
1648;1;1647;1;106.7281;0.04141;1;106.2366;0.04274
1647;1;1646;1;106.7099;0.0414;1;106.2183;0.04273
1645;1;1644;1;106.6736;0.04139;1;106.1817;0.04272
1644;1;1643;1;106.6555;0.04139;1;106.1634;0.04272
1643;1;1642;1;106.6373;0.04138;1;106.1451;0.04272
1642;1;1641;1;106.6192;0.04138;1;106.1268;0.04271
1641;1;1640;1;106.601;0.04138;1;106.1084;0.04271
1640;1;1639;1;106.5829;0.04137;1;106.0901;0.0427
1639;1;1638;1;106.5647;0.04137;1;106.0718;0.0427
1638;1;1637;1;106.5465;0.04136;1;106.0534;0.0427
1637;1;1636;1;106.5284;0.04136;1;106.0351;0.04269
1636;1;1635;1;106.5102;0.04135;1;106.0167;0.04269
1635;1;1634;1;106.4921;0.04135;1;105.9983;0.04268
1633;1;1632;1;106.4557;0.04134;1;105.9616;0.04267
1632;1;1631;1;106.4376;0.04134;1;105.9432;0.04267
1631;1;1630;1;106.4194;0.04133;1;105.9248;0.04267
1630;1;1629;1;106.4012;0.04133;1;105.9064;0.04266
1628;1;1627;1;106.3649;0.04132;1;105.8696;0.04265
1627;1;1626;1;106.3467;0.04132;1;105.8512;0.04265
1626;1;1625;1;106.3285;0.04131;1;105.8328;0.04264
1625;1;1624;1;106.3104;0.04131;1;105.8144;0.04264
1623;1;1622;1;106.274;0.0413;1;105.7775;0.04263
1622;1;1621;1;106.2558;0.0413;1;105.7591;0.04263
1621;1;1620;1;106.2377;0.04129;1;105.7406;0.04262
1620;1;1619;1;106.2195;0.04129;1;105.7222;0.04262
1619;1;1618;1;106.2013;0.04128;1;105.7037;0.04262
1618;1;1617;1;106.1831;0.04128;1;105.6853;0.04261
1617;1;1616;1;106.1649;0.04127;1;105.6668;0.04261
1616;1;1615;1;106.1467;0.04127;1;105.6483;0.0426
1615;1;1614;1;106.1286;0.04127;1;105.6299;0.0426
1614;1;1613;1;106.1104;0.04126;1;105.6114;0.04259
1613;1;1612;1;106.0922;0.04126;1;105.5929;0.04259
1612;1;1611;1;106.074;0.04125;1;105.5744;0.04259
1611;1;1610;1;106.0558;0.04125;1;105.5559;0.04258
1610;1;1609;1;106.0376;0.04124;1;105.5374;0.04258
1609;1;1608;1;106.0194;0.04124;1;105.5189;0.04257
1608;1;1607;1;106.0012;0.04123;1;105.5003;0.04257
1607;1;1606;1;105.983;0.04123;1;105.4818;0.04256
1606;1;1605;1;105.9648;0.04123;1;105.4633;0.04256
1605;1;1604;1;105.9466;0.04122;1;105.4447;0.04256
1604;1;1603;1;105.9284;0.04122;1;105.4262;0.04255
1603;1;1602;1;105.9102;0.04121;1;105.4076;0.04255
1602;1;1601;1;105.892;0.04121;1;105.3891;0.04254
1601;1;1600;1;105.8738;0.0412;1;105.3705;0.04254
1599;1;1598;1;105.8374;0.0412;1;105.3334;0.04253
1598;1;1597;1;105.8192;0.04119;1;105.3148;0.04253
1597;1;1596;1;105.801;0.04119;1;105.2962;0.04252
1596;1;1595;1;105.7828;0.04118;1;105.2776;0.04252
1594;1;1593;1;105.7463;0.04117;1;105.2404;0.04251
1593;1;1592;1;105.7281;0.04117;1;105.2218;0.0425
1592;1;1591;1;105.7099;0.04117;1;105.2032;0.0425
1591;1;1590;1;105.6917;0.04116;1;105.1846;0.0425
1589;1;1588;1;105.6553;0.04115;1;105.1473;0.04249
1588;1;1587;1;105.637;0.04115;1;105.1287;0.04248
1586;1;1585;1;105.6006;0.04114;1;105.0914;0.04247
1585;1;1584;1;105.5824;0.04114;1;105.0727;0.04247
1584;1;1583;1;105.5641;0.04113;1;105.0541;0.04247
1583;1;1582;1;105.5459;0.04113;1;105.0354;0.04246
1582;1;1581;1;105.5277;0.04112;1;105.0167;0.04246
1581;1;1580;1;105.5094;0.04112;1;104.9981;0.04245
1580;1;1579;1;105.4912;0.04111;1;104.9794;0.04245
1579;1;1578;1;105.473;0.04111;1;104.9607;0.04244
1577;1;1576;1;105.4365;0.0411;1;104.9233;0.04244
1576;1;1575;1;105.4183;0.0411;1;104.9046;0.04243
1575;1;1574;1;105.4;0.04109;1;104.8859;0.04243
1574;1;1573;1;105.3818;0.04109;1;104.8672;0.04242
1573;1;1572;1;105.3635;0.04108;1;104.8484;0.04242
1572;1;1571;1;105.3453;0.04108;1;104.8297;0.04241
1570;1;1569;1;105.3088;0.04107;1;104.7922;0.04241
1569;1;1568;1;105.2906;0.04107;1;104.7735;0.0424
1568;1;1567;1;105.2723;0.04106;1;104.7547;0.0424
1566;1;1565;1;105.2358;0.04105;1;104.7172;0.04239
1565;1;1564;1;105.2176;0.04105;1;104.6984;0.04238
1564;1;1563;1;105.1993;0.04104;1;104.6796;0.04238
1563;1;1562;1;105.1811;0.04104;1;104.6608;0.04238
1562;1;1561;1;105.1628;0.04104;1;104.6421;0.04237
1561;1;1560;1;105.1445;0.04103;1;104.6233;0.04237
1560;1;1559;1;105.1263;0.04103;1;104.6045;0.04236
1559;1;1558;1;105.108;0.04102;1;104.5856;0.04236
1558;1;1557;1;105.0898;0.04102;1;104.5668;0.04235
1556;1;1555;1;105.0532;0.04101;1;104.5292;0.04234
1555;1;1554;1;105.035;0.041;1;104.5104;0.04234
1554;1;1553;1;105.0167;0.041;1;104.4915;0.04234
1553;1;1552;1;104.9984;0.041;1;104.4727;0.04233
1552;1;1551;1;104.9802;0.04099;1;104.4538;0.04233
1550;1;1549;1;104.9436;0.04098;1;104.4161;0.04232
1549;1;1548;1;104.9253;0.04098;1;104.3972;0.04231
1548;1;1547;1;104.9071;0.04097;1;104.3784;0.04231
1547;1;1546;1;104.8888;0.04097;1;104.3595;0.04231
1546;1;1545;1;104.8705;0.04097;1;104.3406;0.0423
1545;1;1544;1;104.8522;0.04096;1;104.3217;0.0423
1544;1;1543;1;104.8339;0.04096;1;104.3028;0.04229
1543;1;1542;1;104.8157;0.04095;1;104.2839;0.04229
1541;1;1540;1;104.7791;0.04094;1;104.2461;0.04228
1540;1;1539;1;104.7608;0.04094;1;104.2271;0.04227
1539;1;1538;1;104.7425;0.04093;1;104.2082;0.04227
1538;1;1537;1;104.7242;0.04093;1;104.1893;0.04227
1537;1;1536;1;104.7059;0.04093;1;104.1703;0.04226
1536;1;1535;1;104.6876;0.04092;1;104.1514;0.04226
1535;1;1534;1;104.6693;0.04092;1;104.1324;0.04225
1534;1;1533;1;104.651;0.04091;1;104.1135;0.04225
1533;1;1532;1;104.6327;0.04091;1;104.0945;0.04224
1532;1;1531;1;104.6144;0.0409;1;104.0755;0.04224
1531;1;1530;1;104.5961;0.0409;1;104.0565;0.04224
1530;1;1529;1;104.5778;0.04089;1;104.0376;0.04223
1529;1;1528;1;104.5595;0.04089;1;104.0186;0.04223
1528;1;1527;1;104.5412;0.04089;1;103.9996;0.04222
1527;1;1526;1;104.5229;0.04088;1;103.9806;0.04222
1526;1;1525;1;104.5046;0.04088;1;103.9616;0.04221
1525;1;1524;1;104.4863;0.04087;1;103.9425;0.04221
1524;1;1523;1;104.4679;0.04087;1;103.9235;0.0422
1523;1;1522;1;104.4496;0.04086;1;103.9045;0.0422
1522;1;1521;1;104.4313;0.04086;1;103.8854;0.0422
1521;1;1520;1;104.413;0.04086;1;103.8664;0.04219
1520;1;1519;1;104.3947;0.04085;1;103.8473;0.04219
1519;1;1518;1;104.3763;0.04085;1;103.8283;0.04218
1518;1;1517;1;104.358;0.04084;1;103.8092;0.04218
1517;1;1516;1;104.3397;0.04084;1;103.7902;0.04217
1516;1;1515;1;104.3213;0.04083;1;103.7711;0.04217
1514;1;1513;1;104.2847;0.04082;1;103.7329;0.04216
1513;1;1512;1;104.2663;0.04082;1;103.7138;0.04216
1512;1;1511;1;104.248;0.04082;1;103.6947;0.04215
1511;1;1510;1;104.2296;0.04081;1;103.6756;0.04215
1510;1;1509;1;104.2113;0.04081;1;103.6565;0.04214
1509;1;1508;1;104.1929;0.0408;1;103.6374;0.04214
1508;1;1507;1;104.1746;0.0408;1;103.6183;0.04213
1507;1;1506;1;104.1562;0.04079;1;103.5991;0.04213
1505;1;1504;1;104.1195;0.04078;1;103.5608;0.04212
1504;1;1503;1;104.1011;0.04078;1;103.5417;0.04212
1503;1;1502;1;104.0828;0.04078;1;103.5225;0.04211
1502;1;1501;1;104.0644;0.04077;1;103.5034;0.04211
1501;1;1500;1;104.046;0.04077;1;103.4842;0.0421
1499;1;1498;1;104.0093;0.04076;1;103.4458;0.04209
1498;1;1497;1;103.9909;0.04075;1;103.4266;0.04209
1497;1;1496;1;103.9725;0.04075;1;103.4074;0.04208
1496;1;1495;1;103.9541;0.04074;1;103.3882;0.04208
1494;1;1493;1;103.9174;0.04073;1;103.3498;0.04207
1493;1;1492;1;103.899;0.04073;1;103.3306;0.04207
1492;1;1491;1;103.8806;0.04073;1;103.3113;0.04206
1491;1;1490;1;103.8622;0.04072;1;103.2921;0.04206
1490;1;1489;1;103.8438;0.04072;1;103.2728;0.04205
1489;1;1488;1;103.8254;0.04071;1;103.2536;0.04205
1488;1;1487;1;103.807;0.04071;1;103.2343;0.04204
1487;1;1486;1;103.7885;0.0407;1;103.2151;0.04204
1486;1;1485;1;103.7701;0.0407;1;103.1958;0.04203
1485;1;1484;1;103.7517;0.04069;1;103.1765;0.04203
1484;1;1483;1;103.7333;0.04069;1;103.1572;0.04203
1483;1;1482;1;103.7149;0.04069;1;103.1379;0.04202
1482;1;1481;1;103.6965;0.04068;1;103.1186;0.04202
1481;1;1480;1;103.678;0.04068;1;103.0993;0.04201
1479;1;1478;1;103.6412;0.04067;1;103.0607;0.042
1478;1;1477;1;103.6227;0.04066;1;103.0414;0.042
1476;1;1475;1;103.5858;0.04065;1;103.0027;0.04199
1475;1;1474;1;103.5674;0.04065;1;102.9833;0.04198
1473;1;1472;1;103.5305;0.04064;1;102.9446;0.04198
1472;1;1471;1;103.512;0.04064;1;102.9252;0.04197
1471;1;1470;1;103.4936;0.04063;1;102.9059;0.04197
1470;1;1469;1;103.4751;0.04063;1;102.8865;0.04196
1469;1;1468;1;103.4566;0.04062;1;102.8671;0.04196
1468;1;1467;1;103.4382;0.04062;1;102.8477;0.04195
1467;1;1466;1;103.4197;0.04061;1;102.8283;0.04195
1466;1;1465;1;103.4012;0.04061;1;102.8089;0.04194
1465;1;1464;1;103.3827;0.0406;1;102.7895;0.04194
1463;1;1462;1;103.3458;0.0406;1;102.7506;0.04193
1462;1;1461;1;103.3273;0.04059;1;102.7312;0.04193
1461;1;1460;1;103.3088;0.04059;1;102.7117;0.04192
1460;1;1459;1;103.2903;0.04058;1;102.6923;0.04192
1459;1;1458;1;103.2718;0.04058;1;102.6728;0.04191
1458;1;1457;1;103.2533;0.04057;1;102.6533;0.04191
1457;1;1456;1;103.2348;0.04057;1;102.6338;0.0419
1456;1;1455;1;103.2162;0.04056;1;102.6144;0.0419
1455;1;1454;1;103.1977;0.04056;1;102.5949;0.04189
1454;1;1453;1;103.1792;0.04055;1;102.5754;0.04189
1453;1;1452;1;103.1607;0.04055;1;102.5559;0.04188
1452;1;1451;1;103.1421;0.04055;1;102.5364;0.04188
1451;1;1450;1;103.1236;0.04054;1;102.5168;0.04187
1450;1;1449;1;103.1051;0.04054;1;102.4973;0.04187
1449;1;1448;1;103.0865;0.04053;1;102.4778;0.04187
1448;1;1447;1;103.068;0.04053;1;102.4582;0.04186
1447;1;1446;1;103.0494;0.04052;1;102.4387;0.04186
1446;1;1445;1;103.0309;0.04052;1;102.4191;0.04185
1445;1;1444;1;103.0123;0.04051;1;102.3996;0.04185
1443;1;1442;1;102.9752;0.0405;1;102.3604;0.04184
1442;1;1441;1;102.9566;0.0405;1;102.3408;0.04183
1441;1;1440;1;102.938;0.0405;1;102.3212;0.04183
1440;1;1439;1;102.9195;0.04049;1;102.3016;0.04182
1438;1;1437;1;102.8823;0.04048;1;102.2624;0.04181
1437;1;1436;1;102.8637;0.04048;1;102.2428;0.04181
1436;1;1435;1;102.8451;0.04047;1;102.2232;0.04181
1435;1;1434;1;102.8265;0.04047;1;102.2035;0.0418
1434;1;1433;1;102.8079;0.04046;1;102.1839;0.0418
1433;1;1432;1;102.7893;0.04046;1;102.1642;0.04179
1432;1;1431;1;102.7706;0.04045;1;102.1446;0.04179
1431;1;1430;1;102.752;0.04045;1;102.1249;0.04178
1430;1;1429;1;102.7334;0.04044;1;102.1052;0.04178
1429;1;1428;1;102.7148;0.04044;1;102.0855;0.04177
1428;1;1427;1;102.6961;0.04044;1;102.0658;0.04177
1427;1;1426;1;102.6775;0.04043;1;102.0461;0.04176
1426;1;1425;1;102.6588;0.04043;1;102.0264;0.04176
1425;1;1424;1;102.6402;0.04042;1;102.0067;0.04175
1423;1;1422;1;102.6029;0.04041;1;101.9673;0.04175
1422;1;1421;1;102.5842;0.04041;1;101.9475;0.04174
1421;1;1420;1;102.5655;0.0404;1;101.9278;0.04174
1419;1;1418;1;102.5282;0.04039;1;101.8883;0.04173
1418;1;1417;1;102.5095;0.04039;1;101.8685;0.04172
1417;1;1416;1;102.4908;0.04038;1;101.8487;0.04172
1416;1;1415;1;102.4721;0.04038;1;101.8289;0.04171
1415;1;1414;1;102.4534;0.04037;1;101.8091;0.04171
1414;1;1413;1;102.4347;0.04037;1;101.7893;0.0417
1413;1;1412;1;102.416;0.04037;1;101.7695;0.0417
1412;1;1411;1;102.3972;0.04036;1;101.7497;0.04169
1411;1;1410;1;102.3785;0.04036;1;101.7299;0.04169
1410;1;1409;1;102.3598;0.04035;1;101.7101;0.04168
1409;1;1408;1;102.3411;0.04035;1;101.6902;0.04168
1408;1;1407;1;102.3223;0.04034;1;101.6704;0.04167
1407;1;1406;1;102.3036;0.04034;1;101.6505;0.04167
1406;1;1405;1;102.2848;0.04033;1;101.6306;0.04167
1405;1;1404;1;102.2661;0.04033;1;101.6108;0.04166
1404;1;1403;1;102.2473;0.04032;1;101.5909;0.04166
1402;1;1401;1;102.2097;0.04031;1;101.5511;0.04165
1401;1;1400;1;102.191;0.04031;1;101.5312;0.04164
1400;1;1399;1;102.1722;0.0403;1;101.5113;0.04164
1399;1;1398;1;102.1534;0.0403;1;101.4914;0.04163
1398;1;1397;1;102.1346;0.0403;1;101.4714;0.04163
1397;1;1396;1;102.1158;0.04029;1;101.4515;0.04162
1396;1;1395;1;102.097;0.04029;1;101.4315;0.04162
1395;1;1394;1;102.0781;0.04028;1;101.4116;0.04161
1394;1;1393;1;102.0593;0.04028;1;101.3916;0.04161
1393;1;1392;1;102.0405;0.04027;1;101.3716;0.0416
1392;1;1391;1;102.0216;0.04027;1;101.3517;0.0416
1391;1;1390;1;102.0028;0.04026;1;101.3317;0.04159
1390;1;1389;1;101.9839;0.04026;1;101.3117;0.04159
1389;1;1388;1;101.9651;0.04025;1;101.2917;0.04158
1388;1;1387;1;101.9462;0.04025;1;101.2716;0.04158
1387;1;1386;1;101.9274;0.04024;1;101.2516;0.04158
1386;1;1385;1;101.9085;0.04024;1;101.2316;0.04157
1385;1;1384;1;101.8896;0.04023;1;101.2115;0.04157
1384;1;1383;1;101.8707;0.04023;1;101.1915;0.04156
1383;1;1382;1;101.8518;0.04022;1;101.1714;0.04156
1382;1;1381;1;101.8329;0.04022;1;101.1514;0.04155
1381;1;1380;1;101.814;0.04021;1;101.1313;0.04155
1380;1;1379;1;101.7951;0.04021;1;101.1112;0.04154
1379;1;1378;1;101.7762;0.0402;1;101.0911;0.04154
1377;1;1376;1;101.7383;0.0402;1;101.0509;0.04153
1376;1;1375;1;101.7194;0.04019;1;101.0308;0.04152
1375;1;1374;1;101.7004;0.04019;1;101.0107;0.04152
1374;1;1373;1;101.6815;0.04018;1;100.9905;0.04151
1373;1;1372;1;101.6625;0.04018;1;100.9704;0.04151
1372;1;1371;1;101.6435;0.04017;1;100.9502;0.0415
1371;1;1370;1;101.6246;0.04017;1;100.9301;0.0415
1370;1;1369;1;101.6056;0.04016;1;100.9099;0.04149
1369;1;1368;1;101.5866;0.04016;1;100.8897;0.04149
1368;1;1367;1;101.5676;0.04015;1;100.8695;0.04148
1367;1;1366;1;101.5486;0.04015;1;100.8493;0.04148
1366;1;1365;1;101.5296;0.04014;1;100.8291;0.04147
1365;1;1364;1;101.5106;0.04014;1;100.8089;0.04147
1364;1;1363;1;101.4915;0.04013;1;100.7887;0.04146
1363;1;1362;1;101.4725;0.04013;1;100.7685;0.04146
1362;1;1361;1;101.4535;0.04012;1;100.7482;0.04146
1360;1;1359;1;101.4153;0.04011;1;100.7077;0.04145
1359;1;1358;1;101.3963;0.04011;1;100.6875;0.04144
1358;1;1357;1;101.3772;0.0401;1;100.6672;0.04144
1357;1;1356;1;101.3581;0.0401;1;100.6469;0.04143
1356;1;1355;1;101.339;0.04009;1;100.6266;0.04143
1355;1;1354;1;101.32;0.04009;1;100.6063;0.04142
1353;1;1352;1;101.2817;0.04008;1;100.5657;0.04141
1352;1;1351;1;101.2626;0.04007;1;100.5454;0.04141
1350;1;1349;1;101.2244;0.04006;1;100.5047;0.0414
1349;1;1348;1;101.2052;0.04006;1;100.4843;0.04139
1347;1;1346;1;101.1669;0.04005;1;100.4436;0.04138
1346;1;1345;1;101.1477;0.04004;1;100.4232;0.04138
1345;1;1344;1;101.1286;0.04004;1;100.4028;0.04137
1344;1;1343;1;101.1094;0.04004;1;100.3824;0.04137
1342;1;1341;1;101.071;0.04003;1;100.3416;0.04136
1341;1;1340;1;101.0518;0.04002;1;100.3212;0.04135
1340;1;1339;1;101.0326;0.04002;1;100.3007;0.04135
1339;1;1338;1;101.0134;0.04001;1;100.2803;0.04134
1338;1;1337;1;100.9941;0.04001;1;100.2598;0.04134
1337;1;1336;1;100.9749;0.04;1;100.2394;0.04133
1336;1;1335;1;100.9556;0.04;1;100.2189;0.04133
1335;1;1334;1;100.9364;0.03999;1;100.1984;0.04132
1334;1;1333;1;100.9171;0.03999;1;100.1779;0.04132
1333;1;1332;1;100.8978;0.03998;1;100.1574;0.04131
1332;1;1331;1;100.8786;0.03998;1;100.1369;0.04131
1331;1;1330;1;100.8593;0.03997;1;100.1164;0.0413
1330;1;1329;1;100.84;0.03997;1;100.0959;0.0413
1329;1;1328;1;100.8207;0.03996;1;100.0753;0.04129
1328;1;1327;1;100.8013;0.03996;1;100.0548;0.04129
1327;1;1326;1;100.782;0.03995;1;100.0342;0.04128
1326;1;1325;1;100.7627;0.03995;1;100.0137;0.04128
1325;1;1324;1;100.7434;0.03994;1;99.9931;0.04127
1324;1;1323;1;100.724;0.03994;1;99.9725;0.04127
1323;1;1322;1;100.7046;0.03993;1;99.9519;0.04126
1322;1;1321;1;100.6853;0.03993;1;99.9313;0.04126
1321;1;1320;1;100.6659;0.03992;1;99.9107;0.04126
1320;1;1319;1;100.6465;0.03992;1;99.8901;0.04125
1319;1;1318;1;100.6271;0.03991;1;99.8695;0.04125
1318;1;1317;1;100.6077;0.03991;1;99.8488;0.04124
1317;1;1316;1;100.5883;0.0399;1;99.8282;0.04124
1316;1;1315;1;100.5689;0.0399;1;99.8075;0.04123
1315;1;1314;1;100.5495;0.03989;1;99.7869;0.04123
1314;1;1313;1;100.53;0.03988;1;99.7662;0.04122
1313;1;1312;1;100.5106;0.03988;1;99.7455;0.04122
1312;1;1311;1;100.4911;0.03987;1;99.7248;0.04121
1311;1;1310;1;100.4717;0.03987;1;99.7041;0.04121
1310;1;1309;1;100.4522;0.03986;1;99.6834;0.0412
1309;1;1308;1;100.4327;0.03986;1;99.6627;0.0412
1307;1;1306;1;100.3937;0.03985;1;99.6212;0.04119
1306;1;1305;1;100.3742;0.03984;1;99.6005;0.04118
1305;1;1304;1;100.3547;0.03984;1;99.5798;0.04118
1303;1;1302;1;100.3156;0.03983;1;99.5382;0.04117
1302;1;1301;1;100.2961;0.03982;1;99.5174;0.04116
1301;1;1300;1;100.2765;0.03982;1;99.4966;0.04116
1300;1;1299;1;100.257;0.03981;1;99.4758;0.04115
1298;1;1297;1;100.2178;0.0398;1;99.4342;0.04114
1297;1;1296;1;100.1983;0.0398;1;99.4134;0.04114
1296;1;1295;1;100.1787;0.03979;1;99.3926;0.04113
1295;1;1294;1;100.1591;0.03979;1;99.3717;0.04113
1294;1;1293;1;100.1394;0.03978;1;99.3509;0.04112
1292;1;1291;1;100.1002;0.03977;1;99.3091;0.04111
1291;1;1290;1;100.0805;0.03977;1;99.2882;0.04111
1290;1;1289;1;100.0609;0.03976;1;99.2673;0.0411
1289;1;1288;1;100.0412;0.03976;1;99.2464;0.0411
1288;1;1287;1;100.0216;0.03975;1;99.2255;0.04109
1287;1;1286;1;100.0019;0.03975;1;99.2046;0.04109
1286;1;1285;1;99.9822;0.03974;1;99.1837;0.04108
1285;1;1284;1;99.9625;0.03973;1;99.1628;0.04108
1284;1;1283;1;99.9428;0.03973;1;99.1418;0.04107
1283;1;1282;1;99.9231;0.03972;1;99.1208;0.04107
1282;1;1281;1;99.9034;0.03972;1;99.0999;0.04106
1281;1;1280;1;99.8836;0.03971;1;99.0789;0.04106
1280;1;1279;1;99.8639;0.03971;1;99.0579;0.04105
1279;1;1278;1;99.8441;0.0397;1;99.0369;0.04105
1278;1;1277;1;99.8244;0.0397;1;99.0159;0.04104
1277;1;1276;1;99.8046;0.03969;1;98.9949;0.04104
1276;1;1275;1;99.7848;0.03969;1;98.9739;0.04103
1275;1;1274;1;99.765;0.03968;1;98.9529;0.04103
1274;1;1273;1;99.7452;0.03968;1;98.9318;0.04102
1273;1;1272;1;99.7254;0.03967;1;98.9108;0.04101
1272;1;1271;1;99.7056;0.03967;1;98.8897;0.04101
1271;1;1270;1;99.6858;0.03966;1;98.8687;0.041
1270;1;1269;1;99.666;0.03966;1;98.8476;0.041
1269;1;1268;1;99.6461;0.03965;1;98.8265;0.04099
1268;1;1267;1;99.6262;0.03964;1;98.8054;0.04099
1267;1;1266;1;99.6064;0.03964;1;98.7843;0.04098
1266;1;1265;1;99.5865;0.03963;1;98.7632;0.04098
1265;1;1264;1;99.5666;0.03963;1;98.7421;0.04097
1264;1;1263;1;99.5467;0.03962;1;98.7209;0.04097
1263;1;1262;1;99.5268;0.03962;1;98.6998;0.04096
1262;1;1261;1;99.5069;0.03961;1;98.6786;0.04096
1261;1;1260;1;99.487;0.03961;1;98.6575;0.04095
1260;1;1259;1;99.4671;0.0396;1;98.6363;0.04095
1259;1;1258;1;99.4471;0.0396;1;98.6151;0.04094
1258;1;1257;1;99.4272;0.03959;1;98.5939;0.04094
1257;1;1256;1;99.4072;0.03958;1;98.5727;0.04093
1256;1;1255;1;99.3872;0.03958;1;98.5515;0.04093
1255;1;1254;1;99.3672;0.03957;1;98.5303;0.04092
1254;1;1253;1;99.3472;0.03957;1;98.5091;0.04092
1253;1;1252;1;99.3272;0.03956;1;98.4878;0.04091
1252;1;1251;1;99.3072;0.03956;1;98.4666;0.04091
1251;1;1250;1;99.2872;0.03955;1;98.4453;0.0409
1250;1;1249;1;99.2672;0.03955;1;98.4241;0.0409
1249;1;1248;1;99.2471;0.03954;1;98.4028;0.04089
1248;1;1247;1;99.2271;0.03954;1;98.3815;0.04089
1247;1;1246;1;99.207;0.03953;1;98.3602;0.04088
1246;1;1245;1;99.1869;0.03952;1;98.3389;0.04088
1245;1;1244;1;99.1669;0.03952;1;98.3176;0.04087
1244;1;1243;1;99.1468;0.03951;1;98.2963;0.04087
1243;1;1242;1;99.1267;0.03951;1;98.2749;0.04086
1242;1;1241;1;99.1065;0.0395;1;98.2536;0.04086
1241;1;1240;1;99.0864;0.0395;1;98.2322;0.04085
1240;1;1239;1;99.0663;0.03949;1;98.2109;0.04085
1239;1;1238;1;99.0461;0.03949;1;98.1895;0.04084
1238;1;1237;1;99.026;0.03948;1;98.1681;0.04084
1237;1;1236;1;99.0058;0.03947;1;98.1467;0.04083
1236;1;1235;1;98.9857;0.03947;1;98.1253;0.04082
1235;1;1234;1;98.9655;0.03946;1;98.1039;0.04082
1234;1;1233;1;98.9453;0.03946;1;98.0825;0.04081
1233;1;1232;1;98.9251;0.03945;1;98.0611;0.04081
1232;1;1231;1;98.9049;0.03945;1;98.0397;0.0408
1231;1;1230;1;98.8846;0.03944;1;98.0182;0.0408
1230;1;1229;1;98.8644;0.03943;1;97.9968;0.04079
1229;1;1228;1;98.8442;0.03943;1;97.9753;0.04079
1228;1;1227;1;98.8239;0.03942;1;97.9538;0.04078
1227;1;1226;1;98.8036;0.03942;1;97.9323;0.04078
1226;1;1225;1;98.7834;0.03941;1;97.9108;0.04077
1225;1;1224;1;98.7631;0.03941;1;97.8893;0.04077
1224;1;1223;1;98.7428;0.0394;1;97.8678;0.04076
1223;1;1222;1;98.7225;0.03939;1;97.8463;0.04076
1222;1;1221;1;98.7022;0.03939;1;97.8248;0.04075
1221;1;1220;1;98.6819;0.03938;1;97.8032;0.04075
1220;1;1219;1;98.6615;0.03938;1;97.7817;0.04074
1219;1;1218;1;98.6412;0.03937;1;97.7601;0.04074
1218;1;1217;1;98.6209;0.03937;1;97.7385;0.04073
1216;1;1215;1;98.5801;0.03935;1;97.6954;0.04072
1215;1;1214;1;98.5598;0.03935;1;97.6738;0.04072
1214;1;1213;1;98.5394;0.03934;1;97.6522;0.04071
1213;1;1212;1;98.519;0.03934;1;97.6306;0.0407
1212;1;1211;1;98.4986;0.03933;1;97.6089;0.0407
1211;1;1210;1;98.4782;0.03932;1;97.5873;0.04069
1210;1;1209;1;98.4577;0.03932;1;97.5657;0.04069
1208;1;1207;1;98.4169;0.03931;1;97.5223;0.04068
1207;1;1206;1;98.3964;0.0393;1;97.5007;0.04067
1205;1;1204;1;98.3555;0.03929;1;97.4573;0.04066
1204;1;1203;1;98.335;0.03928;1;97.4356;0.04066
1203;1;1202;1;98.3145;0.03928;1;97.4139;0.04065
1202;1;1201;1;98.294;0.03927;1;97.3922;0.04065
1201;1;1200;1;98.2735;0.03927;1;97.3704;0.04064
1200;1;1199;1;98.253;0.03926;1;97.3487;0.04064
1199;1;1198;1;98.2325;0.03925;1;97.3269;0.04063
1198;1;1197;1;98.2119;0.03925;1;97.3052;0.04063
1197;1;1196;1;98.1914;0.03924;1;97.2834;0.04062
1196;1;1195;1;98.1708;0.03924;1;97.2616;0.04061
1195;1;1194;1;98.1503;0.03923;1;97.2399;0.04061
1194;1;1193;1;98.1297;0.03922;1;97.2181;0.0406
1193;1;1192;1;98.1091;0.03922;1;97.1963;0.0406
1192;1;1191;1;98.0885;0.03921;1;97.1744;0.04059
1191;1;1190;1;98.0679;0.0392;1;97.1526;0.04059
1190;1;1189;1;98.0473;0.0392;1;97.1308;0.04058
1189;1;1188;1;98.0267;0.03919;1;97.1089;0.04058
1188;1;1187;1;98.006;0.03919;1;97.0871;0.04057
1187;1;1186;1;97.9854;0.03918;1;97.0652;0.04057
1186;1;1185;1;97.9647;0.03917;1;97.0434;0.04056
1185;1;1184;1;97.9441;0.03917;1;97.0215;0.04056
1184;1;1183;1;97.9234;0.03916;1;96.9996;0.04055
1183;1;1182;1;97.9027;0.03916;1;96.9777;0.04054
1182;1;1181;1;97.8821;0.03915;1;96.9558;0.04054
1181;1;1180;1;97.8614;0.03914;1;96.9339;0.04053
1180;1;1179;1;97.8406;0.03914;1;96.9119;0.04053
1177;1;1176;1;97.7785;0.03912;1;96.8461;0.04051
1176;1;1175;1;97.7577;0.03911;1;96.8241;0.04051
1175;1;1174;1;97.737;0.03911;1;96.8021;0.0405
1174;1;1173;1;97.7162;0.0391;1;96.7802;0.0405
1173;1;1172;1;97.6954;0.03909;1;96.7582;0.04049
1172;1;1171;1;97.6747;0.03909;1;96.7362;0.04049
1171;1;1170;1;97.6539;0.03908;1;96.7141;0.04048
1170;1;1169;1;97.6331;0.03908;1;96.6921;0.04047
1169;1;1168;1;97.6123;0.03907;1;96.6701;0.04047
1166;1;1165;1;97.5498;0.03905;1;96.6039;0.04045
1165;1;1164;1;97.5289;0.03904;1;96.5818;0.04045
1164;1;1163;1;97.5081;0.03904;1;96.5598;0.04044
1163;1;1162;1;97.4872;0.03903;1;96.5377;0.04044
1162;1;1161;1;97.4663;0.03902;1;96.5156;0.04043
1161;1;1160;1;97.4454;0.03902;1;96.4934;0.04043
1160;1;1159;1;97.4245;0.03901;1;96.4713;0.04042
1159;1;1158;1;97.4036;0.03901;1;96.4492;0.04041
1157;1;1156;1;97.3618;0.03899;1;96.4049;0.0404
1156;1;1155;1;97.3409;0.03899;1;96.3827;0.0404
1155;1;1154;1;97.3199;0.03898;1;96.3606;0.04039
1154;1;1153;1;97.299;0.03897;1;96.3384;0.04039
1153;1;1152;1;97.278;0.03897;1;96.3162;0.04038
1151;1;1150;1;97.2361;0.03895;1;96.2718;0.04037
1150;1;1149;1;97.2151;0.03895;1;96.2495;0.04036
1149;1;1148;1;97.1941;0.03894;1;96.2273;0.04036
1148;1;1147;1;97.1731;0.03893;1;96.2051;0.04035
1147;1;1146;1;97.1521;0.03893;1;96.1828;0.04035
1146;1;1145;1;97.131;0.03892;1;96.1606;0.04034
1145;1;1144;1;97.11;0.03891;1;96.1383;0.04034
1143;1;1142;1;97.0679;0.0389;1;96.0937;0.04033
1142;1;1141;1;97.0468;0.03889;1;96.0714;0.04032
1141;1;1140;1;97.0258;0.03889;1;96.0491;0.04032
1140;1;1139;1;97.0047;0.03888;1;96.0268;0.04031
1139;1;1138;1;96.9836;0.03887;1;96.0044;0.0403
1138;1;1137;1;96.9625;0.03887;1;95.9821;0.0403
1137;1;1136;1;96.9414;0.03886;1;95.9597;0.04029
1136;1;1135;1;96.9203;0.03885;1;95.9374;0.04029
1134;1;1133;1;96.878;0.03884;1;95.8926;0.04028
1133;1;1132;1;96.8568;0.03883;1;95.8702;0.04027
1132;1;1131;1;96.8357;0.03883;1;95.8478;0.04026
1131;1;1130;1;96.8145;0.03882;1;95.8254;0.04026
1129;1;1128;1;96.7722;0.03881;1;95.7805;0.04025
1128;1;1127;1;96.751;0.0388;1;95.7581;0.04024
1127;1;1126;1;96.7298;0.03879;1;95.7356;0.04024
1126;1;1125;1;96.7085;0.03879;1;95.7132;0.04023
1125;1;1124;1;96.6873;0.03878;1;95.6907;0.04023
1124;1;1123;1;96.6661;0.03877;1;95.6682;0.04022
1123;1;1122;1;96.6448;0.03877;1;95.6457;0.04021
1122;1;1121;1;96.6236;0.03876;1;95.6232;0.04021
1121;1;1120;1;96.6023;0.03875;1;95.6007;0.0402
1120;1;1119;1;96.581;0.03875;1;95.5782;0.0402
1119;1;1118;1;96.5598;0.03874;1;95.5556;0.04019
1118;1;1117;1;96.5385;0.03873;1;95.5331;0.04019
1117;1;1116;1;96.5172;0.03873;1;95.5105;0.04018
1115;1;1114;1;96.4745;0.03871;1;95.4654;0.04017
1114;1;1113;1;96.4532;0.0387;1;95.4428;0.04016
1113;1;1112;1;96.4318;0.0387;1;95.4202;0.04016
1112;1;1111;1;96.4105;0.03869;1;95.3976;0.04015
1110;1;1109;1;96.3677;0.03868;1;95.3523;0.04014
1109;1;1108;1;96.3464;0.03867;1;95.3297;0.04013
1107;1;1106;1;96.3035;0.03866;1;95.2844;0.04012
1106;1;1105;1;96.2821;0.03865;1;95.2617;0.04012
1104;1;1103;1;96.2393;0.03863;1;95.2163;0.04011
1103;1;1102;1;96.2178;0.03863;1;95.1936;0.0401
1102;1;1101;1;96.1964;0.03862;1;95.1709;0.04009
1101;1;1100;1;96.1749;0.03861;1;95.1482;0.04009
1100;1;1099;1;96.1534;0.03861;1;95.1254;0.04008
1099;1;1098;1;96.1319;0.0386;1;95.1027;0.04008
1098;1;1097;1;96.1104;0.03859;1;95.0799;0.04007
1097;1;1096;1;96.0889;0.03858;1;95.0572;0.04007
1096;1;1095;1;96.0674;0.03858;1;95.0344;0.04006
1095;1;1094;1;96.0459;0.03857;1;95.0116;0.04005
1094;1;1093;1;96.0243;0.03856;1;94.9888;0.04005
1092;1;1091;1;95.9812;0.03855;1;94.9432;0.04004
1091;1;1090;1;95.9596;0.03854;1;94.9203;0.04003
1090;1;1089;1;95.938;0.03853;1;94.8975;0.04003
1089;1;1088;1;95.9165;0.03853;1;94.8747;0.04002
1088;1;1087;1;95.8948;0.03852;1;94.8518;0.04001
1087;1;1086;1;95.8732;0.03851;1;94.8289;0.04001
1085;1;1084;1;95.83;0.0385;1;94.7831;0.04
1084;1;1083;1;95.8083;0.03849;1;94.7602;0.03999
1083;1;1082;1;95.7867;0.03848;1;94.7373;0.03999
1082;1;1081;1;95.765;0.03848;1;94.7144;0.03998
1081;1;1080;1;95.7433;0.03847;1;94.6914;0.03997
1080;1;1079;1;95.7216;0.03846;1;94.6685;0.03997
1079;1;1078;1;95.6999;0.03845;1;94.6455;0.03996
1078;1;1077;1;95.6782;0.03845;1;94.6226;0.03996
1077;1;1076;1;95.6565;0.03844;1;94.5996;0.03995
1076;1;1075;1;95.6348;0.03843;1;94.5766;0.03994
1075;1;1074;1;95.613;0.03842;1;94.5536;0.03994
1074;1;1073;1;95.5913;0.03842;1;94.5306;0.03993
1073;1;1072;1;95.5695;0.03841;1;94.5075;0.03993
1072;1;1071;1;95.5477;0.0384;1;94.4845;0.03992
1071;1;1070;1;95.5259;0.03839;1;94.4615;0.03991
1070;1;1069;1;95.5041;0.03839;1;94.4384;0.03991
1069;1;1068;1;95.4823;0.03838;1;94.4153;0.0399
1068;1;1067;1;95.4605;0.03837;1;94.3922;0.0399
1067;1;1066;1;95.4386;0.03836;1;94.3691;0.03989
1065;1;1064;1;95.3949;0.03835;1;94.3229;0.03988
1064;1;1063;1;95.3731;0.03834;1;94.2998;0.03987
1063;1;1062;1;95.3512;0.03833;1;94.2766;0.03987
1062;1;1061;1;95.3293;0.03833;1;94.2535;0.03986
1061;1;1060;1;95.3074;0.03832;1;94.2303;0.03986
1060;1;1059;1;95.2855;0.03831;1;94.2071;0.03985
1058;1;1057;1;95.2416;0.03829;1;94.1608;0.03984
1057;1;1056;1;95.2197;0.03829;1;94.1376;0.03983
1056;1;1055;1;95.1977;0.03828;1;94.1143;0.03983
1055;1;1054;1;95.1757;0.03827;1;94.0911;0.03982
1054;1;1053;1;95.1537;0.03826;1;94.0678;0.03981
1053;1;1052;1;95.1317;0.03826;1;94.0446;0.03981
1052;1;1051;1;95.1097;0.03825;1;94.0213;0.0398
1050;1;1049;1;95.0657;0.03823;1;93.9747;0.03979
1049;1;1048;1;95.0436;0.03822;1;93.9514;0.03978
1048;1;1047;1;95.0216;0.03822;1;93.9281;0.03978
1047;1;1046;1;94.9995;0.03821;1;93.9048;0.03977
1046;1;1045;1;94.9774;0.0382;1;93.8814;0.03977
1045;1;1044;1;94.9553;0.03819;1;93.8581;0.03976
1044;1;1043;1;94.9332;0.03819;1;93.8347;0.03975
1043;1;1042;1;94.9111;0.03818;1;93.8113;0.03975
1041;1;1040;1;94.8668;0.03816;1;93.7646;0.03974
1040;1;1039;1;94.8447;0.03815;1;93.7411;0.03973
1039;1;1038;1;94.8225;0.03815;1;93.7177;0.03972
1038;1;1037;1;94.8003;0.03814;1;93.6943;0.03972
1037;1;1036;1;94.7782;0.03813;1;93.6708;0.03971
1036;1;1035;1;94.7559;0.03812;1;93.6473;0.03971
1035;1;1034;1;94.7337;0.03811;1;93.6239;0.0397
1034;1;1033;1;94.7115;0.03811;1;93.6004;0.03969
1033;1;1032;1;94.6893;0.0381;1;93.5769;0.03969
1032;1;1031;1;94.667;0.03809;1;93.5534;0.03968
1031;1;1030;1;94.6447;0.03808;1;93.5298;0.03968
1030;1;1029;1;94.6225;0.03807;1;93.5063;0.03967
1029;1;1028;1;94.6002;0.03807;1;93.4827;0.03966
1028;1;1027;1;94.5779;0.03806;1;93.4592;0.03966
1027;1;1026;1;94.5556;0.03805;1;93.4356;0.03965
1025;1;1024;1;94.5109;0.03803;1;93.3884;0.03964
1024;1;1023;1;94.4885;0.03802;1;93.3648;0.03963
1023;1;1022;1;94.4662;0.03802;1;93.3411;0.03963
1022;1;1021;1;94.4438;0.03801;1;93.3175;0.03962
1021;1;1020;1;94.4214;0.038;1;93.2938;0.03961
1020;1;1019;1;94.399;0.03799;1;93.2702;0.03961
1019;1;1018;1;94.3765;0.03798;1;93.2465;0.0396
1018;1;1017;1;94.3541;0.03798;1;93.2228;0.0396
1017;1;1016;1;94.3317;0.03797;1;93.1991;0.03959
1016;1;1015;1;94.3092;0.03796;1;93.1753;0.03958
1015;1;1014;1;94.2867;0.03795;1;93.1516;0.03958
1014;1;1013;1;94.2642;0.03794;1;93.1278;0.03957
1013;1;1012;1;94.2417;0.03793;1;93.1041;0.03957
1012;1;1011;1;94.2192;0.03793;1;93.0803;0.03956
1011;1;1010;1;94.1967;0.03792;1;93.0565;0.03955
1010;1;1009;1;94.1741;0.03791;1;93.0327;0.03955
1009;1;1008;1;94.1516;0.0379;1;93.0089;0.03954
1007;1;1006;1;94.1064;0.03788;1;92.9612;0.03953
1006;1;1005;1;94.0838;0.03788;1;92.9373;0.03952
1005;1;1004;1;94.0612;0.03787;1;92.9135;0.03952
1004;1;1003;1;94.0385;0.03786;1;92.8896;0.03951
1003;1;1002;1;94.0159;0.03785;1;92.8657;0.0395
1002;1;1001;1;93.9932;0.03784;1;92.8418;0.0395
1001;1;1000;1;93.9706;0.03783;1;92.8178;0.03949
1000;1;999;1;93.9479;0.03782;1;92.7939;0.03948
999;1;998;1;93.9252;0.03782;1;92.7699;0.03948
998;1;997;1;93.9024;0.03781;1;92.7459;0.03947
995;1;994;1;93.8342;0.03778;1;92.6739;0.03945
994;1;993;1;93.8114;0.03777;1;92.6499;0.03945
993;1;992;1;93.7886;0.03776;1;92.6259;0.03944
992;1;991;1;93.7658;0.03776;1;92.6018;0.03943
991;1;990;1;93.7429;0.03775;1;92.5777;0.03943
990;1;989;1;93.7201;0.03774;1;92.5536;0.03942
989;1;988;1;93.6972;0.03773;1;92.5295;0.03942
988;1;987;1;93.6743;0.03772;1;92.5054;0.03941
987;1;986;1;93.6514;0.03771;1;92.4813;0.0394
986;1;985;1;93.6285;0.0377;1;92.4572;0.0394
984;1;983;1;93.5826;0.03769;1;92.4088;0.03938
983;1;982;1;93.5596;0.03768;1;92.3846;0.03938
982;1;981;1;93.5367;0.03767;1;92.3604;0.03937
981;1;980;1;93.5137;0.03766;1;92.3362;0.03936
979;1;978;1;93.4676;0.03764;1;92.2877;0.03935
978;1;977;1;93.4446;0.03763;1;92.2635;0.03935
977;1;976;1;93.4215;0.03762;1;92.2392;0.03934
976;1;975;1;93.3984;0.03762;1;92.2149;0.03933
975;1;974;1;93.3753;0.03761;1;92.1906;0.03933
974;1;973;1;93.3522;0.0376;1;92.1662;0.03932
973;1;972;1;93.329;0.03759;1;92.1419;0.03931
972;1;971;1;93.3059;0.03758;1;92.1175;0.03931
971;1;970;1;93.2827;0.03757;1;92.0932;0.0393
970;1;969;1;93.2595;0.03756;1;92.0688;0.03929
969;1;968;1;93.2363;0.03755;1;92.0444;0.03929
967;1;966;1;93.1898;0.03753;1;91.9955;0.03928
966;1;965;1;93.1665;0.03753;1;91.9711;0.03927
965;1;964;1;93.1432;0.03752;1;91.9466;0.03926
964;1;963;1;93.1199;0.03751;1;91.9221;0.03926
963;1;962;1;93.0966;0.0375;1;91.8976;0.03925
962;1;961;1;93.0732;0.03749;1;91.8731;0.03924
961;1;960;1;93.0499;0.03748;1;91.8486;0.03924
960;1;959;1;93.0265;0.03747;1;91.8241;0.03923
959;1;958;1;93.0031;0.03746;1;91.7995;0.03922
958;1;957;1;92.9797;0.03745;1;91.7749;0.03922
957;1;956;1;92.9562;0.03744;1;91.7503;0.03921
956;1;955;1;92.9328;0.03743;1;91.7257;0.0392
955;1;954;1;92.9093;0.03743;1;91.7011;0.0392
954;1;953;1;92.8858;0.03742;1;91.6764;0.03919
953;1;952;1;92.8623;0.03741;1;91.6518;0.03918
952;1;951;1;92.8388;0.0374;1;91.6271;0.03918
951;1;950;1;92.8152;0.03739;1;91.6024;0.03917
950;1;949;1;92.7916;0.03738;1;91.5777;0.03917
948;1;947;1;92.7444;0.03736;1;91.5282;0.03915
947;1;946;1;92.7208;0.03735;1;91.5035;0.03915
946;1;945;1;92.6971;0.03734;1;91.4787;0.03914
945;1;944;1;92.6735;0.03733;1;91.4539;0.03913
944;1;943;1;92.6498;0.03732;1;91.4291;0.03913
943;1;942;1;92.6261;0.03731;1;91.4043;0.03912
942;1;941;1;92.6023;0.0373;1;91.3794;0.03911
941;1;940;1;92.5786;0.0373;1;91.3545;0.03911
940;1;939;1;92.5548;0.03729;1;91.3297;0.0391
939;1;938;1;92.531;0.03728;1;91.3048;0.03909
938;1;937;1;92.5072;0.03727;1;91.2799;0.03909
937;1;936;1;92.4834;0.03726;1;91.2549;0.03908
930;1;929;1;92.316;0.03719;1;91.0799;0.03903
929;1;928;1;92.292;0.03718;1;91.0548;0.03903
928;1;927;1;92.268;0.03717;1;91.0297;0.03902
927;1;926;1;92.244;0.03716;1;91.0046;0.03901
926;1;925;1;92.2199;0.03715;1;90.9795;0.03901
925;1;924;1;92.1958;0.03714;1;90.9544;0.039
924;1;923;1;92.1717;0.03713;1;90.9292;0.03899
922;1;921;1;92.1235;0.03711;1;90.8788;0.03898
921;1;920;1;92.0993;0.03711;1;90.8536;0.03897
920;1;919;1;92.0752;0.0371;1;90.8283;0.03897
919;1;918;1;92.051;0.03709;1;90.8031;0.03896
918;1;917;1;92.0268;0.03708;1;90.7778;0.03895
917;1;916;1;92.0025;0.03707;1;90.7525;0.03895
916;1;915;1;91.9783;0.03706;1;90.7272;0.03894
915;1;914;1;91.954;0.03705;1;90.7019;0.03893
914;1;913;1;91.9297;0.03704;1;90.6765;0.03893
913;1;912;1;91.9053;0.03703;1;90.6512;0.03892
912;1;911;1;91.881;0.03702;1;90.6258;0.03891
911;1;910;1;91.8566;0.03701;1;90.6004;0.03891
909;1;908;1;91.8078;0.03699;1;90.5495;0.03889
907;1;906;1;91.759;0.03697;1;90.4986;0.03888
906;1;905;1;91.7345;0.03696;1;90.4731;0.03887
905;1;904;1;91.71;0.03695;1;90.4476;0.03887
903;1;902;1;91.6609;0.03693;1;90.3965;0.03885
902;1;901;1;91.6364;0.03692;1;90.3709;0.03885
901;1;900;1;91.6118;0.03691;1;90.3453;0.03884
900;1;899;1;91.5872;0.0369;1;90.3197;0.03883
898;1;897;1;91.5379;0.03688;1;90.2684;0.03882
897;1;896;1;91.5133;0.03687;1;90.2427;0.03881
895;1;894;1;91.4639;0.03685;1;90.1913;0.0388
894;1;893;1;91.4391;0.03684;1;90.1656;0.03879
893;1;892;1;91.4144;0.03683;1;90.1398;0.03879
892;1;891;1;91.3896;0.03682;1;90.1141;0.03878
891;1;890;1;91.3648;0.03681;1;90.0883;0.03877
890;1;889;1;91.34;0.0368;1;90.0625;0.03877
889;1;888;1;91.3151;0.03679;1;90.0366;0.03876
888;1;887;1;91.2903;0.03678;1;90.0108;0.03875
887;1;886;1;91.2654;0.03677;1;89.9849;0.03874
886;1;885;1;91.2405;0.03676;1;89.9591;0.03874
885;1;884;1;91.2155;0.03675;1;89.9331;0.03873
884;1;883;1;91.1906;0.03674;1;89.9072;0.03872
883;1;882;1;91.1656;0.03673;1;89.8813;0.03872
882;1;881;1;91.1406;0.03672;1;89.8553;0.03871
881;1;880;1;91.1156;0.03671;1;89.8293;0.0387
880;1;879;1;91.0905;0.0367;1;89.8033;0.0387
879;1;878;1;91.0655;0.03669;1;89.7773;0.03869
878;1;877;1;91.0404;0.03668;1;89.7513;0.03868
877;1;876;1;91.0153;0.03667;1;89.7252;0.03868
876;1;875;1;90.9901;0.03666;1;89.6991;0.03867
874;1;873;1;90.9398;0.03664;1;89.6469;0.03866
873;1;872;1;90.9146;0.03663;1;89.6208;0.03865
872;1;871;1;90.8893;0.03662;1;89.5946;0.03864
871;1;870;1;90.8641;0.03661;1;89.5684;0.03864
870;1;869;1;90.8388;0.0366;1;89.5422;0.03863
868;1;867;1;90.7882;0.03657;1;89.4898;0.03861
867;1;866;1;90.7628;0.03656;1;89.4635;0.03861
866;1;865;1;90.7375;0.03655;1;89.4372;0.0386
865;1;864;1;90.7121;0.03654;1;89.4109;0.03859
864;1;863;1;90.6867;0.03653;1;89.3846;0.03859
863;1;862;1;90.6612;0.03652;1;89.3583;0.03858
862;1;861;1;90.6358;0.03651;1;89.3319;0.03857
861;1;860;1;90.6103;0.0365;1;89.3055;0.03857
860;1;859;1;90.5848;0.03649;1;89.2791;0.03856
859;1;858;1;90.5592;0.03648;1;89.2527;0.03855
858;1;857;1;90.5337;0.03647;1;89.2263;0.03855
857;1;856;1;90.5081;0.03646;1;89.1998;0.03854
856;1;855;1;90.4825;0.03645;1;89.1733;0.03853
855;1;854;1;90.4569;0.03644;1;89.1468;0.03852
854;1;853;1;90.4312;0.03643;1;89.1203;0.03852
853;1;852;1;90.4056;0.03642;1;89.0938;0.03851
852;1;851;1;90.3799;0.03641;1;89.0672;0.0385
851;1;850;1;90.3541;0.0364;1;89.0406;0.0385
849;1;848;1;90.3026;0.03638;1;88.9874;0.03848
848;1;847;1;90.2769;0.03637;1;88.9608;0.03848
847;1;846;1;90.251;0.03636;1;88.9341;0.03847
846;1;845;1;90.2252;0.03634;1;88.9074;0.03846
845;1;844;1;90.1994;0.03633;1;88.8807;0.03845
843;1;842;1;90.1476;0.03631;1;88.8273;0.03844
842;1;841;1;90.1216;0.0363;1;88.8005;0.03843
841;1;840;1;90.0957;0.03629;1;88.7737;0.03843
840;1;839;1;90.0697;0.03628;1;88.7469;0.03842
839;1;838;1;90.0437;0.03627;1;88.7201;0.03841
838;1;837;1;90.0177;0.03626;1;88.6932;0.03841
837;1;836;1;89.9917;0.03625;1;88.6664;0.0384
836;1;835;1;89.9656;0.03624;1;88.6395;0.03839
835;1;834;1;89.9395;0.03623;1;88.6126;0.03838
834;1;833;1;89.9134;0.03622;1;88.5856;0.03838
833;1;832;1;89.8873;0.03621;1;88.5587;0.03837
832;1;831;1;89.8611;0.0362;1;88.5317;0.03836
831;1;830;1;89.8349;0.03618;1;88.5047;0.03836
830;1;829;1;89.8087;0.03617;1;88.4777;0.03835
829;1;828;1;89.7825;0.03616;1;88.4507;0.03834
828;1;827;1;89.7563;0.03615;1;88.4236;0.03834
827;1;826;1;89.73;0.03614;1;88.3966;0.03833
826;1;825;1;89.7037;0.03613;1;88.3695;0.03832
825;1;824;1;89.6774;0.03612;1;88.3423;0.03831
824;1;823;1;89.651;0.03611;1;88.3152;0.03831
823;1;822;1;89.6247;0.0361;1;88.2881;0.0383
822;1;821;1;89.5983;0.03609;1;88.2609;0.03829
821;1;820;1;89.5719;0.03608;1;88.2337;0.03829
820;1;819;1;89.5455;0.03607;1;88.2065;0.03828
819;1;818;1;89.519;0.03605;1;88.1792;0.03827
818;1;817;1;89.4925;0.03604;1;88.1519;0.03826
817;1;816;1;89.466;0.03603;1;88.1247;0.03826
816;1;815;1;89.4395;0.03602;1;88.0974;0.03825
814;1;813;1;89.3864;0.036;1;88.0427;0.03824
813;1;812;1;89.3598;0.03599;1;88.0153;0.03823
812;1;811;1;89.3332;0.03598;1;87.9879;0.03822
811;1;810;1;89.3066;0.03597;1;87.9605;0.03821
810;1;809;1;89.2799;0.03596;1;87.9331;0.03821
809;1;808;1;89.2533;0.03595;1;87.9056;0.0382
808;1;807;1;89.2266;0.03593;1;87.8782;0.03819
807;1;806;1;89.1998;0.03592;1;87.8507;0.03819
806;1;805;1;89.1731;0.03591;1;87.8232;0.03818
805;1;804;1;89.1463;0.0359;1;87.7956;0.03817
804;1;803;1;89.1195;0.03589;1;87.7681;0.03817
803;1;802;1;89.0927;0.03588;1;87.7405;0.03816
802;1;801;1;89.0659;0.03587;1;87.7129;0.03815
801;1;800;1;89.0391;0.03586;1;87.6853;0.03814
800;1;799;1;89.0122;0.03585;1;87.6577;0.03814
798;1;797;1;88.9584;0.03582;1;87.6023;0.03812
797;1;796;1;88.9314;0.03581;1;87.5746;0.03812
796;1;795;1;88.9044;0.0358;1;87.5469;0.03811
795;1;794;1;88.8775;0.03579;1;87.5192;0.0381
794;1;793;1;88.8504;0.03578;1;87.4914;0.03809
793;1;792;1;88.8234;0.03577;1;87.4636;0.03809
792;1;791;1;88.7964;0.03576;1;87.4358;0.03808
790;1;789;1;88.7422;0.03574;1;87.3801;0.03806
789;1;788;1;88.715;0.03572;1;87.3523;0.03806
788;1;787;1;88.6879;0.03571;1;87.3244;0.03805
787;1;786;1;88.6607;0.0357;1;87.2965;0.03804
786;1;785;1;88.6335;0.03569;1;87.2686;0.03804
785;1;784;1;88.6063;0.03568;1;87.2406;0.03803
784;1;783;1;88.5791;0.03567;1;87.2126;0.03802
783;1;782;1;88.5518;0.03566;1;87.1847;0.03801
782;1;781;1;88.5245;0.03565;1;87.1567;0.03801
781;1;780;1;88.4972;0.03564;1;87.1286;0.038
780;1;779;1;88.4699;0.03562;1;87.1006;0.03799
779;1;778;1;88.4425;0.03561;1;87.0725;0.03799
778;1;777;1;88.4151;0.0356;1;87.0444;0.03798
777;1;776;1;88.3877;0.03559;1;87.0163;0.03797
776;1;775;1;88.3603;0.03558;1;86.9882;0.03796
774;1;773;1;88.3053;0.03556;1;86.9319;0.03795
773;1;772;1;88.2778;0.03555;1;86.9037;0.03794
772;1;771;1;88.2503;0.03553;1;86.8754;0.03794
771;1;770;1;88.2228;0.03552;1;86.8472;0.03793
769;1;768;1;88.1676;0.0355;1;86.7907;0.03791
768;1;767;1;88.14;0.03549;1;86.7624;0.03791
767;1;766;1;88.1123;0.03548;1;86.7341;0.0379
766;1;765;1;88.0846;0.03547;1;86.7057;0.03789
765;1;764;1;88.057;0.03545;1;86.6774;0.03788
763;1;762;1;88.0015;0.03543;1;86.6206;0.03787
762;1;761;1;87.9737;0.03542;1;86.5922;0.03786
761;1;760;1;87.946;0.03541;1;86.5638;0.03786
760;1;759;1;87.9181;0.0354;1;86.5353;0.03785
759;1;758;1;87.8903;0.03539;1;86.5068;0.03784
758;1;757;1;87.8625;0.03538;1;86.4783;0.03783
757;1;756;1;87.8346;0.03536;1;86.4498;0.03783
756;1;755;1;87.8067;0.03535;1;86.4212;0.03782
731;1;730;1;87.8018;0.03479;1;86.4008;0.03733
755;1;754;1;87.7788;0.03534;1;86.3927;0.03781
730;1;729;1;87.7734;0.03478;1;86.3717;0.03732
754;1;753;1;87.7508;0.03533;1;86.3641;0.0378
729;1;728;1;87.7449;0.03477;1;86.3426;0.03732
753;1;752;1;87.7228;0.03532;1;86.3355;0.0378
728;1;727;1;87.7164;0.03475;1;86.3134;0.03731
752;1;751;1;87.6948;0.03531;1;86.3069;0.03779
727;1;726;1;87.6878;0.03474;1;86.2843;0.0373
751;1;750;1;87.6668;0.0353;1;86.2782;0.03778
726;1;725;1;87.6593;0.03473;1;86.2551;0.03729
750;1;749;1;87.6388;0.03528;1;86.2495;0.03778
725;1;724;1;87.6307;0.03472;1;86.2259;0.03729
749;1;748;1;87.6107;0.03527;1;86.2209;0.03777
724;1;723;1;87.6021;0.03471;1;86.1967;0.03728
748;1;747;1;87.5826;0.03526;1;86.1921;0.03776
723;1;722;1;87.5735;0.0347;1;86.1674;0.03727
747;1;746;1;87.5545;0.03525;1;86.1634;0.03775
722;1;721;1;87.5449;0.03469;1;86.1381;0.03727
746;1;745;1;87.5264;0.03524;1;86.1347;0.03775
721;1;720;1;87.5162;0.03467;1;86.1089;0.03726
745;1;744;1;87.4982;0.03523;1;86.1059;0.03774
720;1;719;1;87.4876;0.03466;1;86.0795;0.03725
744;1;743;1;87.4701;0.03522;1;86.0771;0.03773
719;1;718;1;87.4589;0.03465;1;86.0502;0.03724
743;1;742;1;87.4419;0.03521;1;86.0483;0.03772
718;1;717;1;87.4302;0.03464;1;86.0208;0.03724
742;1;741;1;87.4136;0.03519;1;86.0194;0.03772
717;1;716;1;87.4014;0.03463;1;85.9915;0.03723
741;1;740;1;87.3854;0.03518;1;85.9906;0.03771
716;1;715;1;87.3727;0.03462;1;85.9621;0.03722
740;1;739;1;87.3571;0.03517;1;85.9617;0.0377
739;1;738;1;87.3289;0.03516;1;85.9328;0.0377
715;1;714;1;87.3439;0.03461;1;85.9326;0.03721
738;1;737;1;87.3006;0.03515;1;85.9039;0.03769
714;1;713;1;87.3151;0.03459;1;85.9032;0.03721
737;1;736;1;87.2722;0.03514;1;85.8749;0.03768
713;1;712;1;87.2863;0.03458;1;85.8737;0.0372
712;1;711;1;87.2575;0.03457;1;85.8442;0.03719
711;1;710;1;87.2287;0.03456;1;85.8147;0.03718
710;1;709;1;87.1998;0.03455;1;85.7852;0.03718
733;1;732;1;87.1587;0.03509;1;85.7589;0.03765
709;1;708;1;87.1709;0.03454;1;85.7556;0.03717
732;1;731;1;87.1303;0.03508;1;85.7299;0.03764
707;1;706;1;87.1131;0.03451;1;85.6964;0.03715
706;1;705;1;87.0842;0.0345;1;85.6668;0.03715
705;1;704;1;87.0552;0.03449;1;85.6372;0.03714
704;1;703;1;87.0262;0.03448;1;85.6075;0.03713
703;1;702;1;86.9972;0.03447;1;85.5778;0.03712
702;1;701;1;86.9682;0.03446;1;85.5481;0.03712
701;1;700;1;86.9392;0.03445;1;85.5184;0.03711
700;1;699;1;86.9101;0.03443;1;85.4886;0.0371
699;1;698;1;86.881;0.03442;1;85.4588;0.03709
697;1;696;1;86.8228;0.0344;1;85.3992;0.03708
696;1;695;1;86.7937;0.03439;1;85.3693;0.03707
695;1;694;1;86.7645;0.03438;1;85.3395;0.03706
694;1;693;1;86.7353;0.03437;1;85.3096;0.03706
693;1;692;1;86.7061;0.03435;1;85.2796;0.03705
692;1;691;1;86.6769;0.03434;1;85.2497;0.03704
691;1;690;1;86.6477;0.03433;1;85.2197;0.03704
690;1;689;1;86.6184;0.03432;1;85.1897;0.03703
689;1;688;1;86.5892;0.03431;1;85.1597;0.03702
688;1;687;1;86.5599;0.0343;1;85.1297;0.03701
687;1;686;1;86.5306;0.03429;1;85.0996;0.03701
686;1;685;1;86.5012;0.03427;1;85.0695;0.037
685;1;684;1;86.4719;0.03426;1;85.0394;0.03699
684;1;683;1;86.4425;0.03425;1;85.0093;0.03698
683;1;682;1;86.4131;0.03424;1;84.9791;0.03698
681;1;680;1;86.3543;0.03422;1;84.9188;0.03696
680;1;679;1;86.3248;0.03421;1;84.8885;0.03695
679;1;678;1;86.2954;0.03419;1;84.8583;0.03695
677;1;676;1;86.2363;0.03417;1;84.7977;0.03693
676;1;675;1;86.2068;0.03416;1;84.7674;0.03692
674;1;673;1;86.1477;0.03414;1;84.7067;0.03691
673;1;672;1;86.1181;0.03413;1;84.6763;0.0369
672;1;671;1;86.0885;0.03411;1;84.6459;0.03689
671;1;670;1;86.0589;0.0341;1;84.6154;0.03689
669;1;668;1;85.9995;0.03408;1;84.5545;0.03687
668;1;667;1;85.9698;0.03407;1;84.5239;0.03686
667;1;666;1;85.9401;0.03406;1;84.4934;0.03686
666;1;665;1;85.9104;0.03405;1;84.4628;0.03685
665;1;664;1;85.8806;0.03404;1;84.4323;0.03684
664;1;663;1;85.8508;0.03402;1;84.4016;0.03683
662;1;661;1;85.7912;0.034;1;84.3403;0.03682
661;1;660;1;85.7613;0.03399;1;84.3096;0.03681
660;1;659;1;85.7314;0.03398;1;84.2789;0.0368
659;1;658;1;85.7015;0.03397;1;84.2482;0.0368
658;1;657;1;85.6716;0.03396;1;84.2174;0.03679
657;1;656;1;85.6417;0.03394;1;84.1867;0.03678
656;1;655;1;85.6117;0.03393;1;84.1558;0.03677
654;1;653;1;85.5517;0.03391;1;84.0941;0.03676
653;1;652;1;85.5217;0.0339;1;84.0633;0.03675
652;1;651;1;85.4916;0.03389;1;84.0324;0.03674
651;1;650;1;85.4615;0.03388;1;84.0014;0.03674
650;1;649;1;85.4314;0.03387;1;83.9705;0.03673
649;1;648;1;85.4013;0.03385;1;83.9395;0.03672
648;1;647;1;85.3711;0.03384;1;83.9085;0.03671
647;1;646;1;85.341;0.03383;1;83.8774;0.03671
646;1;645;1;85.3108;0.03382;1;83.8464;0.0367
645;1;644;1;85.2805;0.03381;1;83.8153;0.03669
644;1;643;1;85.2503;0.0338;1;83.7842;0.03668
642;1;641;1;85.1897;0.03378;1;83.7219;0.03667
641;1;640;1;85.1594;0.03377;1;83.6907;0.03666
640;1;639;1;85.1291;0.03375;1;83.6595;0.03665
639;1;638;1;85.0987;0.03374;1;83.6283;0.03665
637;1;636;1;85.0379;0.03372;1;83.5657;0.03663
636;1;635;1;85.0075;0.03371;1;83.5344;0.03662
635;1;634;1;84.977;0.0337;1;83.5031;0.03662
634;1;633;1;84.9465;0.03369;1;83.4717;0.03661
633;1;632;1;84.916;0.03368;1;83.4403;0.0366
632;1;631;1;84.8855;0.03367;1;83.4089;0.03659
631;1;630;1;84.8549;0.03365;1;83.3775;0.03659
630;1;629;1;84.8243;0.03364;1;83.3461;0.03658
629;1;628;1;84.7937;0.03363;1;83.3146;0.03657
628;1;627;1;84.7631;0.03362;1;83.2831;0.03656
627;1;626;1;84.7324;0.03361;1;83.2515;0.03656
625;1;624;1;84.671;0.03359;1;83.1884;0.03654
624;1;623;1;84.6403;0.03358;1;83.1568;0.03653
623;1;622;1;84.6095;0.03357;1;83.1251;0.03653
622;1;621;1;84.5787;0.03356;1;83.0935;0.03652
621;1;620;1;84.5479;0.03354;1;83.0618;0.03651
620;1;619;1;84.5171;0.03353;1;83.0301;0.0365
619;1;618;1;84.4862;0.03352;1;82.9984;0.0365
618;1;617;1;84.4554;0.03351;1;82.9666;0.03649
617;1;616;1;84.4245;0.0335;1;82.9348;0.03648
615;1;614;1;84.3626;0.03348;1;82.8712;0.03647
614;1;613;1;84.3316;0.03347;1;82.8393;0.03646
613;1;612;1;84.3006;0.03346;1;82.8074;0.03645
612;1;611;1;84.2695;0.03345;1;82.7755;0.03645
611;1;610;1;84.2385;0.03344;1;82.7436;0.03644
610;1;609;1;84.2074;0.03342;1;82.7116;0.03643
609;1;608;1;84.1763;0.03341;1;82.6796;0.03642
608;1;607;1;84.1452;0.0334;1;82.6476;0.03642
607;1;606;1;84.114;0.03339;1;82.6156;0.03641
606;1;605;1;84.0829;0.03338;1;82.5835;0.0364
605;1;604;1;84.0517;0.03337;1;82.5514;0.03639
604;1;603;1;84.0205;0.03336;1;82.5193;0.03639
603;1;602;1;83.9892;0.03335;1;82.4872;0.03638
601;1;600;1;83.9267;0.03333;1;82.4228;0.03636
600;1;599;1;83.8953;0.03332;1;82.3906;0.03636
599;1;598;1;83.864;0.03331;1;82.3583;0.03635
598;1;597;1;83.8326;0.0333;1;82.3261;0.03634
597;1;596;1;83.8012;0.03329;1;82.2938;0.03633
596;1;595;1;83.7698;0.03327;1;82.2614;0.03633
595;1;594;1;83.7384;0.03326;1;82.2291;0.03632
594;1;593;1;83.7069;0.03325;1;82.1967;0.03631
593;1;592;1;83.6754;0.03324;1;82.1643;0.0363
592;1;591;1;83.6439;0.03323;1;82.1319;0.0363
591;1;590;1;83.6124;0.03322;1;82.0994;0.03629
589;1;588;1;83.5492;0.0332;1;82.0345;0.03627
588;1;587;1;83.5176;0.03319;1;82.0019;0.03627
587;1;586;1;83.4859;0.03318;1;81.9694;0.03626
586;1;585;1;83.4543;0.03317;1;81.9368;0.03625
585;1;584;1;83.4226;0.03316;1;81.9042;0.03624
584;1;583;1;83.3908;0.03315;1;81.8715;0.03624
583;1;582;1;83.3591;0.03314;1;81.8389;0.03623
582;1;581;1;83.3273;0.03313;1;81.8062;0.03622
581;1;580;1;83.2955;0.03312;1;81.7735;0.03622
580;1;579;1;83.2637;0.03311;1;81.7407;0.03621
578;1;577;1;83.1999;0.03309;1;81.6752;0.03619
577;1;576;1;83.168;0.03308;1;81.6423;0.03619
576;1;575;1;83.136;0.03306;1;81.6095;0.03618
575;1;574;1;83.1041;0.03305;1;81.5766;0.03617
574;1;573;1;83.0721;0.03304;1;81.5437;0.03616
573;1;572;1;83.04;0.03303;1;81.5108;0.03616
572;1;571;1;83.008;0.03302;1;81.4778;0.03615
571;1;570;1;82.9759;0.03301;1;81.4448;0.03614
570;1;569;1;82.9438;0.033;1;81.4118;0.03613
569;1;568;1;82.9117;0.03299;1;81.3788;0.03613
568;1;567;1;82.8795;0.03298;1;81.3457;0.03612
567;1;566;1;82.8473;0.03297;1;81.3126;0.03611
566;1;565;1;82.8151;0.03296;1;81.2795;0.03611
565;1;564;1;82.7828;0.03295;1;81.2463;0.0361
564;1;563;1;82.7505;0.03294;1;81.2131;0.03609
563;1;562;1;82.7182;0.03293;1;81.1799;0.03608
562;1;561;1;82.6859;0.03292;1;81.1467;0.03608
561;1;560;1;82.6535;0.03291;1;81.1134;0.03607
560;1;559;1;82.6211;0.0329;1;81.0802;0.03606
559;1;558;1;82.5887;0.03289;1;81.0468;0.03605
558;1;557;1;82.5562;0.03288;1;81.0135;0.03605
557;1;556;1;82.5237;0.03287;1;80.9801;0.03604
556;1;555;1;82.4912;0.03286;1;80.9467;0.03603
555;1;554;1;82.4587;0.03285;1;80.9133;0.03602
554;1;553;1;82.4261;0.03284;1;80.8798;0.03602
553;1;552;1;82.3935;0.03283;1;80.8464;0.03601
552;1;551;1;82.3609;0.03282;1;80.8128;0.036
551;1;550;1;82.3282;0.03281;1;80.7793;0.036
550;1;549;1;82.2955;0.0328;1;80.7457;0.03599
549;1;548;1;82.2628;0.03279;1;80.7121;0.03598
548;1;547;1;82.23;0.03278;1;80.6785;0.03597
547;1;546;1;82.1973;0.03277;1;80.6448;0.03597
546;1;545;1;82.1644;0.03276;1;80.6112;0.03596
545;1;544;1;82.1316;0.03275;1;80.5774;0.03595
544;1;543;1;82.0987;0.03274;1;80.5437;0.03594
543;1;542;1;82.0659;0.03273;1;80.5099;0.03594
542;1;541;1;82.0329;0.03272;1;80.4761;0.03593
541;1;540;1;82.0;0.03271;1;80.4423;0.03592
540;1;539;1;81.967;0.0327;1;80.4084;0.03592
539;1;538;1;81.934;0.03269;1;80.3745;0.03591
538;1;537;1;81.9009;0.03268;1;80.3406;0.0359
537;1;536;1;81.8679;0.03267;1;80.3067;0.03589
536;1;535;1;81.8348;0.03266;1;80.2727;0.03589
535;1;534;1;81.8017;0.03265;1;80.2387;0.03588
534;1;533;1;81.7685;0.03264;1;80.2046;0.03587
533;1;532;1;81.7353;0.03263;1;80.1706;0.03587
532;1;531;1;81.7021;0.03262;1;80.1365;0.03586
531;1;530;1;81.6689;0.03261;1;80.1023;0.03585
530;1;529;1;81.6356;0.03261;1;80.0682;0.03584
528;1;527;1;81.569;0.03259;1;79.9998;0.03583
527;1;526;1;81.5356;0.03258;1;79.9655;0.03582
526;1;525;1;81.5022;0.03257;1;79.9312;0.03582
525;1;524;1;81.4688;0.03256;1;79.8969;0.03581
524;1;523;1;81.4353;0.03255;1;79.8626;0.0358
523;1;522;1;81.4019;0.03254;1;79.8282;0.03579
522;1;521;1;81.3684;0.03253;1;79.7938;0.03579
521;1;520;1;81.3348;0.03252;1;79.7594;0.03578
520;1;519;1;81.3013;0.03251;1;79.7249;0.03577
519;1;518;1;81.2677;0.0325;1;79.6904;0.03577
518;1;517;1;81.234;0.03249;1;79.6559;0.03576
517;1;516;1;81.2004;0.03248;1;79.6213;0.03575
516;1;515;1;81.1667;0.03247;1;79.5868;0.03574
515;1;514;1;81.133;0.03246;1;79.5521;0.03574
514;1;513;1;81.0992;0.03245;1;79.5175;0.03573
513;1;512;1;81.0655;0.03245;1;79.4828;0.03572
512;1;511;1;81.0317;0.03244;1;79.4481;0.03572
511;1;510;1;80.9978;0.03243;1;79.4134;0.03571
510;1;509;1;80.964;0.03242;1;79.3786;0.0357
509;1;508;1;80.9301;0.03241;1;79.3438;0.03569
508;1;507;1;80.8961;0.0324;1;79.3089;0.03569
507;1;506;1;80.8622;0.03239;1;79.2741;0.03568
506;1;505;1;80.8282;0.03238;1;79.2392;0.03567
505;1;504;1;80.7942;0.03237;1;79.2042;0.03567
504;1;503;1;80.7602;0.03236;1;79.1693;0.03566
503;1;502;1;80.7261;0.03235;1;79.1343;0.03565
502;1;501;1;80.692;0.03234;1;79.0993;0.03565
501;1;500;1;80.6578;0.03234;1;79.0642;0.03564
500;1;499;1;80.6237;0.03233;1;79.0291;0.03563
498;1;497;1;80.5553;0.03231;1;78.9588;0.03562
497;1;496;1;80.521;0.0323;1;78.9236;0.03561
496;1;495;1;80.4867;0.03229;1;78.8884;0.0356
495;1;494;1;80.4524;0.03228;1;78.8532;0.0356
494;1;493;1;80.4181;0.03227;1;78.8179;0.03559
493;1;492;1;80.3837;0.03226;1;78.7826;0.03558
492;1;491;1;80.3493;0.03226;1;78.7472;0.03558
491;1;490;1;80.3148;0.03225;1;78.7118;0.03557
490;1;489;1;80.2804;0.03224;1;78.6764;0.03556
488;1;487;1;80.2113;0.03222;1;78.6055;0.03555
486;1;485;1;80.1422;0.0322;1;78.5345;0.03553
485;1;484;1;80.1076;0.0322;1;78.4989;0.03553
484;1;483;1;80.0729;0.03219;1;78.4633;0.03552
483;1;482;1;80.0383;0.03218;1;78.4276;0.03551
481;1;480;1;79.9688;0.03216;1;78.3563;0.0355
480;1;479;1;79.9341;0.03215;1;78.3205;0.03549
479;1;478;1;79.8993;0.03214;1;78.2848;0.03549
477;1;476;1;79.8296;0.03213;1;78.2131;0.03547
476;1;475;1;79.7947;0.03212;1;78.1772;0.03547
475;1;474;1;79.7598;0.03211;1;78.1413;0.03546
474;1;473;1;79.7248;0.0321;1;78.1054;0.03545
473;1;472;1;79.6898;0.03209;1;78.0694;0.03545
472;1;471;1;79.6548;0.03209;1;78.0334;0.03544
471;1;470;1;79.6198;0.03208;1;77.9974;0.03543
470;1;469;1;79.5847;0.03207;1;77.9613;0.03543
469;1;468;1;79.5496;0.03206;1;77.9252;0.03542
468;1;467;1;79.5145;0.03205;1;77.8891;0.03541
467;1;466;1;79.4793;0.03204;1;77.8529;0.0354
466;1;465;1;79.4441;0.03204;1;77.8167;0.0354
465;1;464;1;79.4089;0.03203;1;77.7805;0.03539
464;1;463;1;79.3736;0.03202;1;77.7442;0.03538
463;1;462;1;79.3383;0.03201;1;77.7079;0.03538
462;1;461;1;79.303;0.032;1;77.6716;0.03537
461;1;460;1;79.2676;0.032;1;77.6352;0.03536
460;1;459;1;79.2322;0.03199;1;77.5988;0.03536
459;1;458;1;79.1968;0.03198;1;77.5623;0.03535
458;1;457;1;79.1613;0.03197;1;77.5258;0.03534
457;1;456;1;79.1258;0.03196;1;77.4893;0.03534
456;1;455;1;79.0903;0.03196;1;77.4528;0.03533
455;1;454;1;79.0547;0.03195;1;77.4162;0.03532
454;1;453;1;79.0191;0.03194;1;77.3796;0.03532
453;1;452;1;78.9835;0.03193;1;77.3429;0.03531
452;1;451;1;78.9479;0.03192;1;77.3062;0.0353
451;1;450;1;78.9122;0.03192;1;77.2695;0.0353
450;1;449;1;78.8764;0.03191;1;77.2327;0.03529
449;1;448;1;78.8407;0.0319;1;77.1959;0.03529
448;1;447;1;78.8049;0.03189;1;77.1591;0.03528
447;1;446;1;78.7691;0.03189;1;77.1222;0.03527
446;1;445;1;78.7332;0.03188;1;77.0853;0.03527
445;1;444;1;78.6973;0.03187;1;77.0484;0.03526
444;1;443;1;78.6614;0.03186;1;77.0114;0.03525
443;1;442;1;78.6254;0.03186;1;76.9744;0.03525
442;1;441;1;78.5894;0.03185;1;76.9373;0.03524
441;1;440;1;78.5534;0.03184;1;76.9002;0.03523
440;1;439;1;78.5173;0.03183;1;76.8631;0.03523
439;1;438;1;78.4812;0.03183;1;76.8259;0.03522
438;1;437;1;78.4451;0.03182;1;76.7887;0.03521
437;1;436;1;78.4089;0.03181;1;76.7515;0.03521
436;1;435;1;78.3727;0.0318;1;76.7142;0.0352
435;1;434;1;78.3364;0.0318;1;76.6769;0.03519
434;1;433;1;78.3001;0.03179;1;76.6395;0.03519
433;1;432;1;78.2638;0.03178;1;76.6021;0.03518
432;1;431;1;78.2275;0.03177;1;76.5647;0.03518
431;1;430;1;78.1911;0.03177;1;76.5272;0.03517
430;1;429;1;78.1546;0.03176;1;76.4897;0.03516
429;1;428;1;78.1182;0.03175;1;76.4522;0.03516
428;1;427;1;78.0817;0.03175;1;76.4146;0.03515
426;1;425;1;78.0085;0.03173;1;76.3393;0.03514
425;1;424;1;77.9719;0.03172;1;76.3016;0.03513
424;1;423;1;77.9353;0.03172;1;76.2639;0.03512
423;1;422;1;77.8986;0.03171;1;76.2261;0.03512
422;1;421;1;77.8618;0.0317;1;76.1883;0.03511
421;1;420;1;77.8251;0.0317;1;76.1504;0.03511
420;1;419;1;77.7883;0.03169;1;76.1125;0.0351
419;1;418;1;77.7514;0.03168;1;76.0746;0.03509
418;1;417;1;77.7145;0.03168;1;76.0366;0.03509
417;1;416;1;77.6776;0.03167;1;75.9986;0.03508
416;1;415;1;77.6406;0.03166;1;75.9605;0.03507
415;1;414;1;77.6036;0.03166;1;75.9224;0.03507
414;1;413;1;77.5665;0.03165;1;75.8843;0.03506
413;1;412;1;77.5295;0.03164;1;75.8461;0.03506
412;1;411;1;77.4923;0.03164;1;75.8079;0.03505
411;1;410;1;77.4551;0.03163;1;75.7696;0.03504
410;1;409;1;77.4179;0.03162;1;75.7313;0.03504
408;1;407;1;77.3434;0.03161;1;75.6546;0.03503
407;1;406;1;77.306;0.0316;1;75.6162;0.03502
406;1;405;1;77.2687;0.0316;1;75.5777;0.03501
405;1;404;1;77.2313;0.03159;1;75.5392;0.03501
404;1;403;1;77.1938;0.03159;1;75.5007;0.035
403;1;402;1;77.1563;0.03158;1;75.4621;0.035
402;1;401;1;77.1187;0.03157;1;75.4235;0.03499
401;1;400;1;77.0812;0.03157;1;75.3848;0.03498
400;1;399;1;77.0435;0.03156;1;75.3461;0.03498
399;1;398;1;77.0059;0.03155;1;75.3073;0.03497
398;1;397;1;76.9682;0.03155;1;75.2686;0.03497
397;1;396;1;76.9304;0.03154;1;75.2297;0.03496
396;1;395;1;76.8926;0.03154;1;75.1908;0.03495
395;1;394;1;76.8548;0.03153;1;75.1519;0.03495
392;1;391;1;76.741;0.03151;1;75.0349;0.03493
391;1;390;1;76.703;0.03151;1;74.9959;0.03493
390;1;389;1;76.665;0.0315;1;74.9567;0.03492
389;1;388;1;76.6269;0.03149;1;74.9176;0.03491
388;1;387;1;76.5888;0.03149;1;74.8784;0.03491
387;1;386;1;76.5506;0.03148;1;74.8391;0.0349
386;1;385;1;76.5124;0.03148;1;74.7998;0.0349
385;1;384;1;76.4741;0.03147;1;74.7605;0.03489
384;1;383;1;76.4358;0.03147;1;74.7211;0.03489
383;1;382;1;76.3975;0.03146;1;74.6817;0.03488
382;1;381;1;76.3591;0.03146;1;74.6422;0.03488
381;1;380;1;76.3207;0.03145;1;74.6027;0.03487
380;1;379;1;76.2822;0.03144;1;74.5632;0.03486
379;1;378;1;76.2437;0.03144;1;74.5236;0.03486
378;1;377;1;76.2051;0.03143;1;74.4839;0.03485
377;1;376;1;76.1665;0.03143;1;74.4443;0.03485
376;1;375;1;76.1279;0.03142;1;74.4045;0.03484
375;1;374;1;76.0892;0.03142;1;74.3648;0.03484
373;1;372;1;76.0117;0.03141;1;74.2851;0.03483
372;1;371;1;75.9729;0.0314;1;74.2452;0.03482
371;1;370;1;75.934;0.0314;1;74.2053;0.03482
370;1;369;1;75.8951;0.03139;1;74.1653;0.03481
369;1;368;1;75.8562;0.03139;1;74.1253;0.0348
368;1;367;1;75.8172;0.03138;1;74.0852;0.0348
367;1;366;1;75.7781;0.03138;1;74.0451;0.03479
366;1;365;1;75.7391;0.03137;1;74.0049;0.03479
365;1;364;1;75.6999;0.03137;1;73.9647;0.03478
364;1;363;1;75.6608;0.03136;1;73.9245;0.03478
363;1;362;1;75.6216;0.03136;1;73.8842;0.03477
362;1;361;1;75.5824;0.03136;1;73.8438;0.03477
361;1;360;1;75.5431;0.03135;1;73.8034;0.03476
359;1;358;1;75.4644;0.03134;1;73.7225;0.03475
357;1;356;1;75.3855;0.03133;1;73.6414;0.03474
356;1;355;1;75.346;0.03133;1;73.6008;0.03474
355;1;354;1;75.3065;0.03132;1;73.5602;0.03473
354;1;353;1;75.2669;0.03132;1;73.5195;0.03473
353;1;352;1;75.2273;0.03132;1;73.4787;0.03472
352;1;351;1;75.1876;0.03131;1;73.4379;0.03472
351;1;350;1;75.1479;0.03131;1;73.3971;0.03471
350;1;349;1;75.1081;0.0313;1;73.3562;0.03471
349;1;348;1;75.0683;0.0313;1;73.3152;0.0347
348;1;347;1;75.0285;0.0313;1;73.2743;0.0347
347;1;346;1;74.9886;0.03129;1;73.2332;0.03469
346;1;345;1;74.9486;0.03129;1;73.1922;0.03469
344;1;343;1;74.8686;0.03128;1;73.1099;0.03468
343;1;342;1;74.8285;0.03128;1;73.0686;0.03468
342;1;341;1;74.7883;0.03127;1;73.0274;0.03467
341;1;340;1;74.7481;0.03127;1;72.9861;0.03467
340;1;339;1;74.7079;0.03127;1;72.9447;0.03466
339;1;338;1;74.6676;0.03126;1;72.9033;0.03466
338;1;337;1;74.6272;0.03126;1;72.8618;0.03465
337;1;336;1;74.5868;0.03126;1;72.8203;0.03465
336;1;335;1;74.5464;0.03125;1;72.7788;0.03464
335;1;334;1;74.5059;0.03125;1;72.7372;0.03464
334;1;333;1;74.4653;0.03125;1;72.6955;0.03464
333;1;332;1;74.4247;0.03124;1;72.6538;0.03463
331;1;330;1;74.3433;0.03124;1;72.5702;0.03462
330;1;329;1;74.3026;0.03124;1;72.5284;0.03462
329;1;328;1;74.2618;0.03123;1;72.4865;0.03461
328;1;327;1;74.2209;0.03123;1;72.4445;0.03461
327;1;326;1;74.18;0.03123;1;72.4025;0.03461
326;1;325;1;74.139;0.03122;1;72.3605;0.0346
325;1;324;1;74.0979;0.03122;1;72.3184;0.0346
324;1;323;1;74.0569;0.03122;1;72.2762;0.03459
322;1;321;1;73.9745;0.03121;1;72.1918;0.03459
321;1;320;1;73.9333;0.03121;1;72.1495;0.03458
320;1;319;1;73.8919;0.03121;1;72.1071;0.03458
319;1;318;1;73.8506;0.03121;1;72.0647;0.03457
318;1;317;1;73.8091;0.0312;1;72.0223;0.03457
317;1;316;1;73.7677;0.0312;1;71.9798;0.03457
316;1;315;1;73.7261;0.0312;1;71.9372;0.03456
315;1;314;1;73.6845;0.0312;1;71.8946;0.03456
314;1;313;1;73.6429;0.0312;1;71.8519;0.03456
313;1;312;1;73.6012;0.03119;1;71.8092;0.03455
312;1;311;1;73.5594;0.03119;1;71.7664;0.03455
311;1;310;1;73.5176;0.03119;1;71.7236;0.03454
310;1;309;1;73.4757;0.03119;1;71.6808;0.03454
309;1;308;1;73.4337;0.03119;1;71.6378;0.03454
308;1;307;1;73.3917;0.03119;1;71.5949;0.03453
307;1;306;1;73.3497;0.03118;1;71.5518;0.03453
306;1;305;1;73.3075;0.03118;1;71.5088;0.03453
305;1;304;1;73.2653;0.03118;1;71.4656;0.03452
304;1;303;1;73.2231;0.03118;1;71.4224;0.03452
303;1;302;1;73.1808;0.03118;1;71.3792;0.03452
302;1;301;1;73.1384;0.03118;1;71.3359;0.03451
301;1;300;1;73.096;0.03118;1;71.2926;0.03451
300;1;299;1;73.0535;0.03118;1;71.2492;0.03451
299;1;298;1;73.011;0.03117;1;71.2057;0.0345
298;1;297;1;72.9684;0.03117;1;71.1622;0.0345
297;1;296;1;72.9257;0.03117;1;71.1187;0.0345
295;1;294;1;72.8402;0.03117;1;71.0314;0.03449
294;1;293;1;72.7974;0.03117;1;70.9876;0.03449
293;1;292;1;72.7544;0.03117;1;70.9439;0.03449
291;1;290;1;72.6684;0.03117;1;70.8561;0.03448
290;1;289;1;72.6253;0.03117;1;70.8122;0.03448
289;1;288;1;72.5822;0.03117;1;70.7682;0.03448
288;1;287;1;72.539;0.03117;1;70.7241;0.03447
286;1;285;1;72.4523;0.03117;1;70.6359;0.03447
285;1;284;1;72.4089;0.03117;1;70.5917;0.03446
284;1;283;1;72.3655;0.03117;1;70.5474;0.03446
282;1;281;1;72.2783;0.03117;1;70.4586;0.03446
281;1;280;1;72.2347;0.03117;1;70.4142;0.03445
280;1;279;1;72.1909;0.03117;1;70.3697;0.03445
279;1;278;1;72.1472;0.03117;1;70.3251;0.03445
278;1;277;1;72.1033;0.03117;1;70.2805;0.03445
277;1;276;1;72.0594;0.03117;1;70.2358;0.03445
276;1;275;1;72.0154;0.03117;1;70.1911;0.03444
275;1;274;1;71.9714;0.03117;1;70.1463;0.03444
274;1;273;1;71.9273;0.03117;1;70.1015;0.03444
273;1;272;1;71.8832;0.03118;1;70.0566;0.03444
272;1;271;1;71.839;0.03118;1;70.0116;0.03444
271;1;270;1;71.7947;0.03118;1;69.9666;0.03443
270;1;269;1;71.7504;0.03118;1;69.9215;0.03443
269;1;268;1;71.706;0.03118;1;69.8763;0.03443
268;1;267;1;71.6616;0.03118;1;69.8311;0.03443
267;1;266;1;71.6171;0.03118;1;69.7858;0.03443
266;1;265;1;71.5725;0.03118;1;69.7405;0.03442
265;1;264;1;71.5279;0.03119;1;69.6951;0.03442
264;1;263;1;71.4832;0.03119;1;69.6496;0.03442
263;1;262;1;71.4385;0.03119;1;69.6041;0.03442
262;1;261;1;71.3937;0.03119;1;69.5585;0.03442
261;1;260;1;71.3488;0.03119;1;69.5129;0.03442
260;1;259;1;71.3039;0.0312;1;69.4672;0.03441
259;1;258;1;71.2589;0.0312;1;69.4214;0.03441
258;1;257;1;71.2138;0.0312;1;69.3755;0.03441
257;1;256;1;71.1687;0.0312;1;69.3296;0.03441
256;1;255;1;71.1235;0.03121;1;69.2836;0.03441
255;1;254;1;71.0783;0.03121;1;69.2376;0.03441
254;1;253;1;71.033;0.03121;1;69.1914;0.03441
253;1;252;1;70.9876;0.03121;1;69.1452;0.03441
251;1;250;1;70.8967;0.03122;1;69.0527;0.0344
250;1;249;1;70.8511;0.03122;1;69.0063;0.0344
249;1;248;1;70.8055;0.03122;1;68.9598;0.0344
248;1;247;1;70.7598;0.03123;1;68.9133;0.0344
247;1;246;1;70.7141;0.03123;1;68.8666;0.0344
245;1;244;1;70.6224;0.03124;1;68.7732;0.0344
244;1;243;1;70.5764;0.03124;1;68.7264;0.0344
243;1;242;1;70.5304;0.03125;1;68.6795;0.0344
242;1;241;1;70.4843;0.03125;1;68.6325;0.0344
241;1;240;1;70.4382;0.03125;1;68.5855;0.0344
240;1;239;1;70.392;0.03126;1;68.5383;0.0344
239;1;238;1;70.3457;0.03126;1;68.4911;0.0344
238;1;237;1;70.2994;0.03126;1;68.4439;0.0344
237;1;236;1;70.2529;0.03127;1;68.3965;0.0344
236;1;235;1;70.2064;0.03127;1;68.3491;0.0344
235;1;234;1;70.1599;0.03128;1;68.3016;0.0344
233;1;232;1;70.0665;0.03129;1;68.2063;0.0344
232;1;231;1;70.0197;0.03129;1;68.1585;0.0344
231;1;230;1;69.9728;0.0313;1;68.1107;0.0344
230;1;229;1;69.9258;0.0313;1;68.0628;0.0344
229;1;228;1;69.8787;0.03131;1;68.0148;0.0344
228;1;227;1;69.8316;0.03131;1;67.9667;0.0344
227;1;226;1;69.7844;0.03132;1;67.9185;0.0344
226;1;225;1;69.737;0.03132;1;67.8703;0.0344
225;1;224;1;69.6896;0.03133;1;67.8219;0.0344
224;1;223;1;69.6421;0.03133;1;67.7735;0.0344
222;1;221;1;69.5468;0.03134;1;67.6764;0.0344
221;1;220;1;69.499;0.03135;1;67.6277;0.0344
220;1;219;1;69.4511;0.03136;1;67.5789;0.0344
216;1;215;1;69.2584;0.03138;1;67.3828;0.03441
215;1;214;1;69.21;0.03139;1;67.3335;0.03441
214;1;213;1;69.1615;0.03139;1;67.2842;0.03441
213;1;212;1;69.1128;0.0314;1;67.2347;0.03441
212;1;211;1;69.0641;0.03141;1;67.1852;0.03441
211;1;210;1;69.0152;0.03141;1;67.1355;0.03441
210;1;209;1;68.9662;0.03142;1;67.0858;0.03441
209;1;208;1;68.9171;0.03143;1;67.0359;0.03442
208;1;207;1;68.8679;0.03144;1;66.9859;0.03442
207;1;206;1;68.8186;0.03144;1;66.9359;0.03442
206;1;205;1;68.7691;0.03145;1;66.8857;0.03442
205;1;204;1;68.7195;0.03146;1;66.8354;0.03442
203;1;202;1;68.6199;0.03147;1;66.7345;0.03443
202;1;201;1;68.5699;0.03148;1;66.6839;0.03443
201;1;200;1;68.5198;0.03149;1;66.6331;0.03443
200;1;199;1;68.4695;0.0315;1;66.5823;0.03443
199;1;198;1;68.419;0.03151;1;66.5313;0.03444
198;1;197;1;68.3685;0.03152;1;66.4802;0.03444
196;1;195;1;68.2669;0.03153;1;66.3776;0.03444
195;1;194;1;68.2158;0.03154;1;66.3261;0.03444
194;1;193;1;68.1647;0.03155;1;66.2745;0.03445
193;1;192;1;68.1133;0.03156;1;66.2228;0.03445
192;1;191;1;68.0618;0.03157;1;66.1709;0.03445
191;1;190;1;68.0101;0.03158;1;66.1189;0.03446
190;1;189;1;67.9583;0.03159;1;66.0668;0.03446
189;1;188;1;67.9062;0.0316;1;66.0145;0.03446
188;1;187;1;67.8541;0.03161;1;65.9621;0.03447
187;1;186;1;67.8017;0.03162;1;65.9095;0.03447
186;1;185;1;67.7491;0.03163;1;65.8568;0.03447
183;1;182;1;67.5904;0.03166;1;65.6978;0.03448
182;1;181;1;67.5371;0.03167;1;65.6445;0.03449
181;1;180;1;67.4836;0.03168;1;65.5911;0.03449
180;1;179;1;67.4299;0.03169;1;65.5375;0.03449
179;1;178;1;67.376;0.0317;1;65.4837;0.0345
178;1;177;1;67.3219;0.03171;1;65.4298;0.0345
177;1;176;1;67.2677;0.03173;1;65.3757;0.0345
176;1;175;1;67.2132;0.03174;1;65.3214;0.03451
174;1;173;1;67.1035;0.03176;1;65.2123;0.03452
173;1;172;1;67.0483;0.03177;1;65.1576;0.03452
172;1;171;1;66.993;0.03179;1;65.1026;0.03453
171;1;170;1;66.9373;0.0318;1;65.0474;0.03453
170;1;169;1;66.8815;0.03181;1;64.9921;0.03453
169;1;168;1;66.8254;0.03182;1;64.9366;0.03454
168;1;167;1;66.7691;0.03183;1;64.8808;0.03454
167;1;166;1;66.7125;0.03185;1;64.8249;0.03455
166;1;165;1;66.6556;0.03186;1;64.7688;0.03455
165;1;164;1;66.5985;0.03187;1;64.7124;0.03456
164;1;163;1;66.5412;0.03189;1;64.6559;0.03456
163;1;162;1;66.4835;0.0319;1;64.5991;0.03457
162;1;161;1;66.4256;0.03191;1;64.5422;0.03457
160;1;159;1;66.3089;0.03194;1;64.4276;0.03459
159;1;158;1;66.2502;0.03196;1;64.3699;0.03459
157;1;156;1;66.1317;0.03198;1;64.2539;0.0346
156;1;155;1;66.0721;0.032;1;64.1956;0.03461
154;1;153;1;65.9518;0.03203;1;64.0781;0.03462
152;1;151;1;65.8303;0.03206;1;63.9597;0.03463
150;1;149;1;65.7075;0.03209;1;63.8402;0.03465
148;1;147;1;65.5834;0.03212;1;63.7196;0.03466
147;1;146;1;65.5208;0.03214;1;63.6588;0.03467
146;1;145;1;65.4579;0.03215;1;63.5978;0.03467
145;1;144;1;65.3946;0.03217;1;63.5365;0.03468
143;1;142;1;65.2671;0.0322;1;63.4131;0.03469
142;1;141;1;65.2027;0.03222;1;63.3509;0.0347
141;1;140;1;65.138;0.03223;1;63.2884;0.03471
140;1;139;1;65.073;0.03225;1;63.2257;0.03471
139;1;138;1;65.0075;0.03227;1;63.1626;0.03472
138;1;137;1;64.9417;0.03229;1;63.0991;0.03473
137;1;136;1;64.8755;0.0323;1;63.0354;0.03474
136;1;135;1;64.8088;0.03232;1;62.9714;0.03475
134;1;133;1;64.6744;0.03236;1;62.8423;0.03476
133;1;132;1;64.6066;0.03238;1;62.7772;0.03477
132;1;131;1;64.5383;0.03239;1;62.7118;0.03478
131;1;130;1;64.4697;0.03241;1;62.6461;0.03479
129;1;128;1;64.331;0.03245;1;62.5135;0.0348
128;1;127;1;64.261;0.03247;1;62.4467;0.03481
127;1;126;1;64.1906;0.03249;1;62.3795;0.03482
125;1;124;1;64.0483;0.03253;1;62.2441;0.03484
124;1;123;1;63.9765;0.03255;1;62.1758;0.03485
123;1;122;1;63.9041;0.03257;1;62.1071;0.03486
122;1;121;1;63.8313;0.03259;1;62.0381;0.03487
121;1;120;1;63.758;0.03261;1;61.9686;0.03487
120;1;119;1;63.6842;0.03263;1;61.8988;0.03488
119;1;118;1;63.6099;0.03265;1;61.8286;0.03489
116;1;115;1;63.3839;0.03271;1;61.6156;0.03492
115;1;114;1;63.3076;0.03273;1;61.5439;0.03493
114;1;113;1;63.2307;0.03276;1;61.4717;0.03494
113;1;112;1;63.1533;0.03278;1;61.3991;0.03495
112;1;111;1;63.0754;0.0328;1;61.3261;0.03496
111;1;110;1;62.9969;0.03282;1;61.2527;0.03497
110;1;109;1;62.918;0.03284;1;61.1789;0.03499
109;1;108;1;62.8384;0.03287;1;61.1047;0.035
108;1;107;1;62.7584;0.03289;1;61.0301;0.03501
106;1;105;1;62.5966;0.03294;1;60.8795;0.03503
105;1;104;1;62.5149;0.03296;1;60.8036;0.03504
104;1;103;1;62.4327;0.03298;1;60.7273;0.03505
103;1;102;1;62.3499;0.03301;1;60.6506;0.03506
102;1;101;1;62.2665;0.03303;1;60.5734;0.03508
101;1;100;1;62.1826;0.03306;1;60.4958;0.03509
100;1;99;1;62.0981;0.03308;1;60.4178;0.0351
99;1;98;1;62.013;0.03311;1;60.3393;0.03511
98;1;97;1;61.9274;0.03313;1;60.2603;0.03512
96;1;95;1;61.7543;0.03318;1;60.1011;0.03515
95;1;94;1;61.667;0.03321;1;60.0209;0.03516
94;1;93;1;61.579;0.03323;1;59.9401;0.03517
93;1;92;1;61.4904;0.03326;1;59.8589;0.03519
92;1;91;1;61.4013;0.03329;1;59.7773;0.0352
91;1;90;1;61.3115;0.03331;1;59.6952;0.03521
90;1;89;1;61.2212;0.03334;1;59.6126;0.03523
89;1;88;1;61.1303;0.03337;1;59.5295;0.03524
88;1;87;1;61.0388;0.0334;1;59.4459;0.03526
87;1;86;1;60.9466;0.03342;1;59.3619;0.03527
86;1;85;1;60.8539;0.03345;1;59.2773;0.03528
85;1;84;1;60.7605;0.03348;1;59.1922;0.0353
84;1;83;1;60.6665;0.03351;1;59.1066;0.03531
83;1;82;1;60.5719;0.03354;1;59.0204;0.03533
82;1;81;1;60.4767;0.03357;1;58.9337;0.03534
81;1;80;1;60.3808;0.0336;1;58.8465;0.03536
80;1;79;1;60.2843;0.03363;1;58.7588;0.03537
79;1;78;1;60.1872;0.03366;1;58.6705;0.03539
78;1;77;1;60.0894;0.03369;1;58.5816;0.0354
77;1;76;1;59.991;0.03372;1;58.4922;0.03542
76;1;75;1;59.892;0.03375;1;58.4022;0.03543
75;1;74;1;59.7923;0.03379;1;58.3117;0.03545
74;1;73;1;59.692;0.03382;1;58.2206;0.03547
73;1;72;1;59.591;0.03385;1;58.1288;0.03548
72;1;71;1;59.4894;0.03388;1;58.0365;0.0355
71;1;70;1;59.3872;0.03392;1;57.9436;0.03552
70;1;69;1;59.2843;0.03395;1;57.8501;0.03553
68;1;67;1;59.0766;0.03402;1;57.6613;0.03557
67;1;66;1;58.9718;0.03405;1;57.5659;0.03559
66;1;65;1;58.8664;0.03409;1;57.4699;0.03561
65;1;64;1;58.7603;0.03412;1;57.3733;0.03562
64;1;63;1;58.6536;0.03416;1;57.2761;0.03564
63;1;62;1;58.5463;0.0342;1;57.1782;0.03566
62;1;61;1;58.4384;0.03423;1;57.0796;0.03568
61;1;60;1;58.3299;0.03427;1;56.9805;0.0357
60;1;59;1;58.2207;0.03431;1;56.8806;0.03572
58;1;57;1;58.0003;0.03438;1;56.6788;0.03576
57;1;56;1;57.8889;0.03442;1;56.5767;0.03578
56;1;55;1;57.7767;0.03446;1;56.4739;0.0358
55;1;54;1;57.6637;0.0345;1;56.3704;0.03582
53;1;52;1;57.4349;0.03458;1;56.1609;0.03586
52;1;51;1;57.3192;0.03462;1;56.0549;0.03588
51;1;50;1;57.2026;0.03466;1;55.9482;0.03591
50;1;49;1;57.0851;0.0347;1;55.8406;0.03593
49;1;48;1;56.9666;0.03475;1;55.7322;0.03595
46;1;45;1;56.6056;0.03488;1;55.4021;0.03602
45;1;44;1;56.4833;0.03492;1;55.2903;0.03604
44;1;43;1;56.3599;0.03496;1;55.1777;0.03607
43;1;42;1;56.2357;0.03501;1;55.0642;0.03609
42;1;41;1;56.1104;0.03506;1;54.9499;0.03612
41;1;40;1;55.9841;0.0351;1;54.8348;0.03614
40;1;39;1;55.8568;0.03515;1;54.7187;0.03617
39;1;38;1;55.7285;0.0352;1;54.6018;0.03619
38;1;37;1;55.5992;0.03524;1;54.4839;0.03622
37;1;36;1;55.4688;0.03529;1;54.3651;0.03625
36;1;35;1;55.3374;0.03534;1;54.2454;0.03627
35;1;34;1;55.2049;0.03539;1;54.1247;0.0363
34;1;33;1;55.0714;0.03544;1;54.0031;0.03633
33;1;32;1;54.9368;0.03549;1;53.8806;0.03636
32;1;31;1;54.8012;0.03554;1;53.7571;0.03638
31;1;30;1;54.6645;0.03559;1;53.6326;0.03641
30;1;29;1;54.5268;0.03565;1;53.5072;0.03644
29;1;28;1;54.3881;0.0357;1;53.3809;0.03647
28;1;27;1;54.2485;0.03575;1;53.2537;0.0365
27;1;26;1;54.1079;0.03581;1;53.1255;0.03653
26;1;25;1;53.9664;0.03586;1;52.9963;0.03656
25;1;24;1;53.8239;0.03592;1;52.8661;0.0366
24;1;23;1;53.6805;0.03597;1;52.7349;0.03663
23;1;22;1;53.536;0.03603;1;52.6027;0.03666
22;1;21;1;53.3905;0.03609;1;52.4695;0.03669
21;1;20;1;53.2441;0.03615;1;52.3353;0.03673
20;1;19;1;53.0967;0.03621;1;52.2002;0.03676
19;1;18;1;52.9483;0.03627;1;52.0641;0.0368
18;1;17;1;52.799;0.03633;1;51.9272;0.03683
17;1;16;1;52.6488;0.03639;1;51.7895;0.03687
14;1;13;1;52.1702;0.03662;1;51.3431;0.03701
13;1;12;1;51.9944;0.03672;1;51.1742;0.03708
12;1;11;1;51.8186;0.03682;1;51.0053;0.03715
11;1;10;1;51.6427;0.03693;1;50.8365;0.03722
10;1;9;1;51.4669;0.03703;1;50.6676;0.03728
9;1;8;1;51.291;0.03713;1;50.4987;0.03735
8;1;7;1;51.1152;0.03723;1;50.3298;0.03742
7;1;6;1;50.9393;0.03734;1;50.1609;0.03749
6;1;5;1;50.7635;0.03744;1;49.9921;0.03756
5;1;4;1;50.5876;0.03754;1;49.8232;0.03763
4;1;3;1;50.4118;0.03764;1;49.6543;0.0377
3;1;2;1;50.2359;0.03775;1;49.4854;0.03776
2;1;1;1;50.0601;0.03785;1;49.3166;0.03783
1;1;0;1;49.8842;0.03795;1;49.1477;0.0379
1856;1;1855;1;110.479;0.04225;1;109.918;0.04358
1849;1;1848;1;110.3537;0.04223;1;109.798;0.04355
1844;1;1843;1;110.2641;0.04221;1;109.712;0.04353
1839;1;1838;1;110.1745;0.04219;1;109.626;0.04351
1835;1;1834;1;110.1028;0.04217;1;109.557;0.0435
1831;1;1830;1;110.0311;0.04216;1;109.488;0.04348
1809;1;1808;1;109.6361;0.04207;1;109.107;0.04339
1775;1;1774;1;109.0243;0.04193;1;108.513;0.04326
1760;1;1759;1;108.7539;0.04187;1;108.249;0.0432
1757;1;1756;1;108.6998;0.04186;1;108.196;0.04318
1754;1;1753;1;108.6457;0.04185;1;108.143;0.04317
1735;1;1734;1;108.3028;0.04177;1;107.806;0.0431
1730;1;1729;1;108.2125;0.04175;1;107.717;0.04308
1699;1;1698;1;107.6522;0.04162;1;107.162;0.04295
1698;1;1697;1;107.6341;0.04162;1;107.144;0.04294
1697;1;1696;1;107.616;0.04161;1;107.126;0.04294
1680;1;1679;1;107.3082;0.04154;1;106.819;0.04287
1657;1;1656;1;106.8913;0.04144;1;106.401;0.04277
1653;1;1652;1;106.8188;0.04143;1;106.328;0.04276
1629;1;1628;1;106.3831;0.04132;1;105.888;0.04266
1624;1;1623;1;106.2922;0.0413;1;105.796;0.04264
1600;1;1599;1;105.8556;0.0412;1;105.352;0.04253
1595;1;1594;1;105.7646;0.04118;1;105.259;0.04251
1590;1;1589;1;105.6735;0.04116;1;105.166;0.04249
1578;1;1577;1;105.4547;0.04111;1;104.942;0.04244
1571;1;1570;1;105.3271;0.04107;1;104.811;0.04241
1567;1;1566;1;105.2541;0.04106;1;104.736;0.04239
1557;1;1556;1;105.0715;0.04101;1;104.548;0.04235
1551;1;1550;1;104.9619;0.04099;1;104.435;0.04232
1542;1;1541;1;104.7974;0.04095;1;104.265;0.04228
1515;1;1514;1;104.303;0.04083;1;103.752;0.04216
1500;1;1499;1;104.0277;0.04076;1;103.465;0.0421
1495;1;1494;1;103.9357;0.04074;1;103.369;0.04208
1477;1;1476;1;103.6043;0.04066;1;103.022;0.04199
1474;1;1473;1;103.5489;0.04065;1;102.964;0.04198
1439;1;1438;1;102.9009;0.04049;1;102.282;0.04182
1424;1;1423;1;102.6215;0.04042;1;101.987;0.04175
1420;1;1419;1;102.5469;0.0404;1;101.908;0.04173
1403;1;1402;1;102.2285;0.04032;1;101.571;0.04165
1378;1;1377;1;101.7572;0.0402;1;101.071;0.04153
1361;1;1360;1;101.4344;0.04012;1;100.728;0.04145
1354;1;1353;1;101.3008;0.04008;1;100.586;0.04142
1351;1;1350;1;101.2435;0.04007;1;100.525;0.0414
1348;1;1347;1;101.1861;0.04005;1;100.464;0.04139
1343;1;1342;1;101.0902;0.04003;1;100.362;0.04136
1308;1;1307;1;100.4132;0.03985;1;99.642;0.04119
1304;1;1303;1;100.3352;0.03983;1;99.559;0.04117
1299;1;1298;1;100.2374;0.03981;1;99.455;0.04115
1217;1;1216;1;98.6005;0.03936;1;97.717;0.04073
1209;1;1208;1;98.4373;0.03931;1;97.544;0.04068
1206;1;1205;1;98.3759;0.03929;1;97.479;0.04067
1178;1;1177;1;97.7992;0.03913;1;96.868;0.04052
1168;1;1167;1;97.5914;0.03906;1;96.648;0.04046
1167;1;1166;1;97.5706;0.03906;1;96.626;0.04046
1158;1;1157;1;97.3827;0.039;1;96.427;0.04041
1152;1;1151;1;97.257;0.03896;1;96.294;0.04038
1144;1;1143;1;97.0889;0.03891;1;96.116;0.04033
1135;1;1134;1;96.8991;0.03885;1;95.915;0.04028
1130;1;1129;1;96.7933;0.03881;1;95.803;0.04025
1116;1;1115;1;96.4958;0.03872;1;95.488;0.04017
1111;1;1110;1;96.3891;0.03868;1;95.375;0.04015
1108;1;1107;1;96.325;0.03866;1;95.307;0.04013
1105;1;1104;1;96.2607;0.03864;1;95.239;0.04011
1093;1;1092;1;96.0028;0.03856;1;94.966;0.04004
1086;1;1085;1;95.8516;0.0385;1;94.806;0.04
1066;1;1065;1;95.4168;0.03836;1;94.346;0.03989
1059;1;1058;1;95.2636;0.0383;1;94.184;0.03984
1051;1;1050;1;95.0877;0.03824;1;93.998;0.0398
1042;1;1041;1;94.889;0.03817;1;93.788;0.03974
1026;1;1025;1;94.5332;0.03804;1;93.412;0.03964
1008;1;1007;1;94.129;0.03789;1;92.985;0.03953
997;1;996;1;93.8797;0.0378;1;92.722;0.03947
996;1;995;1;93.8569;0.03779;1;92.698;0.03946
985;1;984;1;93.6056;0.03769;1;92.433;0.03939
980;1;979;1;93.4906;0.03765;1;92.312;0.03936
949;1;948;1;92.768;0.03737;1;91.553;0.03916
935;1;934;1;92.4357;0.03724;1;91.205;0.03907
933;1;932;1;92.3879;0.03722;1;91.155;0.03905
931;1;930;1;92.34;0.0372;1;91.105;0.03904
923;1;922;1;92.1476;0.03712;1;90.904;0.03899
910;1;909;1;91.8323;0.037;1;90.575;0.0389
908;1;907;1;91.7834;0.03698;1;90.524;0.03889
904;1;903;1;91.6855;0.03694;1;90.422;0.03886
899;1;898;1;91.5626;0.03689;1;90.294;0.03883
896;1;895;1;91.4886;0.03686;1;90.217;0.03881
875;1;874;1;90.965;0.03665;1;89.673;0.03866
869;1;868;1;90.8135;0.03659;1;89.516;0.03862
850;1;849;1;90.3284;0.03639;1;89.014;0.03849
844;1;843;1;90.1735;0.03632;1;88.854;0.03845
791;1;790;1;88.7693;0.03575;1;87.408;0.03807
770;1;769;1;88.1952;0.03551;1;86.819;0.03792
764;1;763;1;88.0292;0.03544;1;86.649;0.03788
736;1;735;1;87.2439;0.03513;1;85.846;0.03767
735;1;734;1;87.2155;0.03511;1;85.817;0.03767
734;1;733;1;87.1871;0.0351;1;85.788;0.03766
708;1;707;1;87.142;0.03453;1;85.726;0.03716
698;1;697;1;86.8519;0.03441;1;85.429;0.03709
682;1;681;1;86.3837;0.03423;1;84.949;0.03697
678;1;677;1;86.2659;0.03418;1;84.828;0.03694
675;1;674;1;86.1773;0.03415;1;84.737;0.03692
670;1;669;1;86.0292;0.03409;1;84.585;0.03688
663;1;662;1;85.821;0.03401;1;84.371;0.03683
655;1;654;1;85.5817;0.03392;1;84.125;0.03677
643;1;642;1;85.22;0.03379;1;83.753;0.03668
638;1;637;1;85.0683;0.03373;1;83.597;0.03664
616;1;615;1;84.3935;0.03349;1;82.903;0.03648
602;1;601;1;83.9579;0.03334;1;82.455;0.03637
590;1;589;1;83.5808;0.03321;1;82.067;0.03628
579;1;578;1;83.2318;0.0331;1;81.708;0.0362
529;1;528;1;81.6023;0.0326;1;80.034;0.03584
499;1;498;1;80.5895;0.03232;1;78.994;0.03562
489;1;488;1;80.2459;0.03223;1;78.641;0.03556
482;1;481;1;80.0036;0.03217;1;78.392;0.03551
478;1;477;1;79.8644;0.03214;1;78.249;0.03548
427;1;426;1;78.0451;0.03174;1;76.377;0.03514
409;1;408;1;77.3807;0.03162;1;75.693;0.03503
394;1;393;1;76.8169;0.03152;1;75.113;0.03494
393;1;392;1;76.779;0.03152;1;75.074;0.03494
374;1;373;1;76.0505;0.03141;1;74.325;0.03483
360;1;359;1;75.5037;0.03135;1;73.763;0.03476
358;1;357;1;75.425;0.03134;1;73.682;0.03475
345;1;344;1;74.9086;0.03128;1;73.151;0.03469
332;1;331;1;74.3841;0.03124;1;72.612;0.03463
323;1;322;1;74.0157;0.03122;1;72.234;0.03459
296;1;295;1;72.883;0.03117;1;71.075;0.0345
283;1;282;1;72.3219;0.03117;1;70.503;0.03446
252;1;251;1;70.9422;0.03122;1;69.099;0.03441
234;1;233;1;70.1132;0.03128;1;68.254;0.0344
223;1;222;1;69.5945;0.03134;1;67.725;0.0344
218;1;217;1;69.3549;0.03137;1;67.481;0.0344
217;1;216;1;69.3067;0.03137;1;67.432;0.03441
204;1;203;1;68.6698;0.03147;1;66.785;0.03442
197;1;196;1;68.3177;0.03152;1;66.429;0.03444
185;1;184;1;67.6964;0.03164;1;65.804;0.03447
184;1;183;1;67.6435;0.03165;1;65.751;0.03448
175;1;174;1;67.1584;0.03175;1;65.267;0.03451
161;1;160;1;66.3674;0.03193;1;64.485;0.03458
158;1;157;1;66.1911;0.03197;1;64.312;0.0346
155;1;154;1;66.0121;0.03201;1;64.137;0.03461
153;1;152;1;65.8912;0.03204;1;64.019;0.03463
144;1;143;1;65.331;0.03218;1;63.475;0.03469
135;1;134;1;64.7418;0.03234;1;62.907;0.03475
126;1;125;1;64.1197;0.03251;1;62.312;0.03483
118;1;117;1;63.5351;0.03267;1;61.758;0.0349
117;1;116;1;63.4598;0.03269;1;61.687;0.03491
107;1;106;1;62.6778;0.03291;1;60.955;0.03502
97;1;96;1;61.8411;0.03316;1;60.181;0.03514
69;1;68;1;59.1808;0.03398;1;57.756;0.03555
54;1;53;1;57.5497;0.03454;1;56.266;0.03584
48;1;47;1;56.8472;0.03479;1;55.623;0.03597
47;1;46;1;56.7269;0.03483;1;55.513;0.036
16;1;15;1;52.4978;0.03645;1;51.651;0.0369
15;1;14;1;52.3461;0.03652;1;51.512;0.03694
1804;1;1803;1;109.5462;0.04205;1;109.02;0.04337
1724;1;1723;1;108.1041;0.04172;1;107.61;0.04305
1646;1;1645;1;106.6918;0.0414;1;106.2;0.04273
1634;1;1633;1;106.4739;0.04135;1;105.98;0.04268
1587;1;1586;1;105.6188;0.04114;1;105.11;0.04248
1506;1;1505;1;104.1379;0.04079;1;103.58;0.04212
1480;1;1479;1;103.6596;0.04067;1;103.08;0.04201
1464;1;1463;1;103.3643;0.0406;1;102.77;0.04193
1444;1;1443;1;102.9938;0.04051;1;102.38;0.04184
1293;1;1292;1;100.1198;0.03978;1;99.33;0.04112
1179;1;1178;1;97.8199;0.03913;1;96.89;0.04052
968;1;967;1;93.213;0.03754;1;92.02;0.03928
936;1;935;1;92.4595;0.03725;1;91.23;0.03907
934;1;933;1;92.4118;0.03723;1;91.18;0.03906
932;1;931;1;92.3639;0.03721;1;91.13;0.03905
815;1;814;1;89.413;0.03601;1;88.07;0.03824
799;1;798;1;88.9853;0.03584;1;87.63;0.03813
775;1;774;1;88.3328;0.03557;1;86.96;0.03796
626;1;625;1;84.7017;0.0336;1;83.22;0.03655
487;1;486;1;80.1768;0.03221;1;78.57;0.03554
292;1;291;1;72.7115;0.03117;1;70.9;0.03448
287;1;286;1;72.4957;0.03117;1;70.68;0.03447
246;1;245;1;70.6683;0.03123;1;68.82;0.0344
219;1;218;1;69.4031;0.03136;1;67.53;0.0344
151;1;150;1;65.769;0.03207;1;63.9;0.03464
149;1;148;1;65.6456;0.0321;1;63.78;0.03465
130;1;129;1;64.4006;0.03243;1;62.58;0.03479
59;1;58;1;58.1109;0.03434;1;56.78;0.03574
